"id","category_id","name","eligibility","keywords","includes","consider_alongside","field_ids"
"appliances.ownership","appliances","Ownership","A household appliance acquired by purchase, gift or transfer. Seller, price and order reference apply to purchases.","{""ownership"",""purchase"",""receipt"",""gift"",""acquisition""}","{}","{""appliances.warranty"",""appliances.extendedWarranty""}","{""common.acquiredOn"",""common.seller"",""common.pricePaid"",""common.orderReference""}"
"appliances.warranty","appliances","Warranty","A product covered by a manufacturer warranty, including expired cover retained for reference.","{""warranty"",""guarantee"",""manufacturer cover""}","{}","{""appliances.extendedWarranty""}","{""common.warrantyProvider"",""common.warrantyStarts"",""common.warrantyEnds""}"
"appliances.extendedWarranty","appliances","Extended warranty","A product with a separately purchased extended warranty. Its coverage dates and provider belong to this cover.","{""extended"",""warranty"",""extended guarantee""}","{}","{""appliances.warranty""}","{""common.extendedWarrantyProvider"",""common.extendedWarrantyStarts"",""common.extendedWarrantyEnds""}"
"appliances.support","appliances","Support","A product with a support channel or manufacturer support registration.","{""support"",""customer service"",""help""}","{}","{""appliances.maintenance""}","{""common.supportUrl"",""common.supportPhone"",""common.supportReference""}"
"appliances.maintenance","appliances","Maintenance","A product with a documented recurring service requirement. Intervals describe the maintenance terms.","{""maintenance"",""service"",""servicing""}","{}","{""appliances.support""}","{""common.serviceInterval""}"
"appliances.appliance","appliances","Appliance","A household appliance, including products with multiple functions.","{""appliance"",""white goods"",""household"",""model number""}","{}","{""appliances.serial"",""appliances.ownership"",""appliances.warranty"",""appliances.support"",""appliances.maintenance"",""appliances.installation"",""appliances.dimensions"",""appliances.electrical"",""appliances.energyLabel""}","{""common.manufacturer"",""common.model"",""appliances.applianceType"",""appliances.productCode"",""appliances.manufacturedOn"",""appliances.finish""}"
"appliances.serial","appliances","Serial number","An appliance carrying a unit serial identifier other than a Z-Nr marking. BSH Z-Nr markings belong to the matching manufacturer identifier set.","{""serial"",""number"",""S/N""}","{}","{""appliances.appliance""}","{""common.serialNumber""}"
"appliances.bosch","appliances","Bosch identifiers","A Bosch household appliance whose rating plate provides E-Nr, FD or Z-Nr markings.","{""bosch"",""identifiers"",""BSH"",""E-Nr"",""FD"",""Z-Nr""}","{""appliances.appliance""}","{}","{""appliances.eNumber"",""appliances.fdNumber"",""appliances.zNumber""}"
"appliances.neff","appliances","Neff identifiers","A Neff household appliance whose rating plate provides E-Nr, FD or Z-Nr markings.","{""neff"",""identifiers"",""BSH"",""E-Nr"",""FD"",""Z-Nr""}","{""appliances.appliance""}","{}","{""appliances.eNumber"",""appliances.fdNumber"",""appliances.zNumber""}"
"appliances.siemens","appliances","Siemens identifiers","A Siemens household appliance whose rating plate provides E-Nr, FD or Z-Nr markings.","{""siemens"",""identifiers"",""BSH"",""E-Nr"",""FD"",""Z-Nr""}","{""appliances.appliance""}","{}","{""appliances.eNumber"",""appliances.fdNumber"",""appliances.zNumber""}"
"appliances.pnc","appliances","Product number","An AEG, Electrolux or Zanussi appliance with a PNC on its product label.","{""product"",""number"",""AEG"",""Electrolux"",""Zanussi"",""PNC""}","{""appliances.appliance""}","{}","{""appliances.pnc""}"
"appliances.installation","appliances","Installation","An installed or fitted appliance with installation details or clearance requirements.","{""installation"",""fitted"",""built-in"",""installer""}","{}","{""appliances.recess"",""appliances.dimensions"",""appliances.electrical""}","{""appliances.installedOn"",""appliances.installer"",""appliances.installationType"",""appliances.ventilationClearance""}"
"appliances.dimensions","appliances","Dimensions","An appliance with specified external dimensions.","{""dimensions"",""size"",""width"",""height"",""depth""}","{}","{""appliances.installation""}","{""common.width"",""common.height"",""common.depth""}"
"appliances.recess","appliances","Installation opening","A built-in appliance requiring a specified installation opening.","{""installation"",""opening"",""cabinet"",""niche"",""recess""}","{""appliances.installation""}","{}","{""appliances.requiredRecessWidth"",""appliances.requiredRecessHeight"",""appliances.requiredRecessDepth""}"
"appliances.electrical","appliances","Electrical supply","An electrically powered appliance with specified supply and connection requirements.","{""electrical"",""supply"",""voltage"",""frequency"",""wattage"",""circuit""}","{}","{""appliances.installation""}","{""appliances.supplyVoltage"",""appliances.supplyFrequency"",""appliances.ratedInputPower"",""appliances.electricalConnection"",""appliances.requiredCircuitRating""}"
"appliances.energyLabel","appliances","Energy label","An appliance carrying an energy label. Use the overall energy class only where a single product-level class is provided; separate wash and complete-cycle classes belong to the relevant function sets.","{""energy"",""label"",""energy rating"",""efficiency""}","{}","{""appliances.washing"",""appliances.washAndDry""}","{""appliances.energyLabelScheme"",""appliances.energyClass""}"
"appliances.washing","appliances","Washing","A washing machine or the washing component of a washer-dryer.","{""washing"",""washing machine"",""washer"",""laundry"",""spin""}","{""appliances.appliance""}","{""appliances.drying"",""appliances.washAndDry"",""appliances.energyLabel"",""appliances.cleaning""}","{""appliances.washingCapacity"",""appliances.maximumSpinSpeed"",""appliances.washEnergyClass"",""appliances.washEnergyUse"",""appliances.washWaterUse""}"
"appliances.drying","appliances","Drying","A tumble dryer or the drying component of a washer-dryer.","{""drying"",""dryer"",""tumble"",""condenser"",""heat pump""}","{""appliances.appliance""}","{""appliances.washing"",""appliances.washAndDry"",""appliances.energyLabel"",""appliances.cleaning""}","{""appliances.dryingCapacity"",""appliances.dryingTechnology""}"
"appliances.washAndDry","appliances","Wash-and-dry cycle","A combination washer-dryer with measurements for its complete wash-and-dry cycle.","{""wash"",""and"",""dry"",""cycle"",""washer-dryer"",""combined laundry""}","{""appliances.washing"",""appliances.drying""}","{""appliances.energyLabel""}","{""appliances.washAndDryEnergyClass"",""appliances.washAndDryEnergyUse"",""appliances.washAndDryWaterUse""}"
"appliances.dishwasher","appliances","Dishwasher","A household dishwasher with eco-cycle consumption specifications.","{""dishwasher"",""dishwashing""}","{""appliances.appliance""}","{""appliances.energyLabel"",""appliances.cleaning""}","{""appliances.dishwasherWaterUse"",""appliances.dishwasherEnergyUse""}"
"appliances.refrigeration","appliances","Refrigeration","A refrigerator or the chilled compartment of a fridge-freezer.","{""refrigeration"",""fridge"",""refrigerator"",""fridge-freezer""}","{""appliances.appliance""}","{""appliances.freezing"",""appliances.waterFilter"",""appliances.energyLabel""}","{""appliances.fridgeCapacity""}"
"appliances.freezing","appliances","Freezer","A freezer or the frozen compartment of a fridge-freezer.","{""freezer"",""frost free"",""fridge-freezer""}","{""appliances.appliance""}","{""appliances.refrigeration"",""appliances.energyLabel""}","{""appliances.freezerCapacity"",""appliances.defrostSystem""}"
"appliances.waterFilter","appliances","Water filter","An appliance with a replaceable drinking-water filter, including filtered-water refrigerators.","{""water"",""filter"",""filtered water"",""filter cartridge""}","{}","{""appliances.refrigeration""}","{""appliances.waterFilterModel""}"
"appliances.oven","appliances","Oven","An oven or the oven component of a cooker or combination appliance. Second-oven capacity applies to products with a second cavity.","{""oven"",""range"",""cooker""}","{""appliances.appliance""}","{""appliances.hob"",""appliances.cookingOutput"",""appliances.energyLabel"",""appliances.cleaning""}","{""appliances.mainOvenCapacity"",""appliances.secondOvenCapacity""}"
"appliances.hob","appliances","Hob","A hob or the hob component of a range cooker.","{""hob"",""cooktop"",""induction""}","{""appliances.appliance""}","{""appliances.oven"",""appliances.electrical"",""appliances.fuel""}","{""appliances.hobType"",""appliances.numberOfCookingZones""}"
"appliances.cookingOutput","appliances","Cooking output","A cooking appliance whose specification states delivered output power, including microwave output.","{""cooking"",""output"",""microwave"",""output wattage""}","{}","{""appliances.oven"",""appliances.electrical""}","{""appliances.outputPower""}"
"appliances.heating","appliances","Heating","A boiler, heat pump or other appliance providing space heating.","{""heating"",""boiler"",""heat pump"",""heater""}","{""appliances.appliance""}","{""appliances.cooling"",""appliances.hotWater"",""appliances.fuel"",""appliances.refrigerant""}","{""appliances.heatingOutput""}"
"appliances.cooling","appliances","Cooling","An air conditioner or heat pump providing cooling.","{""cooling"",""air conditioning"",""reversible heat pump""}","{""appliances.appliance""}","{""appliances.heating"",""appliances.refrigerant""}","{""appliances.coolingOutput""}"
"appliances.hotWater","appliances","Hot water storage","An appliance incorporating a hot-water storage cylinder.","{""hot"",""water"",""storage"",""cylinder"",""water heater""}","{""appliances.appliance""}","{""appliances.heating"",""appliances.fuel""}","{""appliances.tankCapacity""}"
"appliances.fuel","appliances","Fuel","A fuel-burning appliance, including cooking and heating equipment.","{""fuel"",""gas"",""oil"",""LPG""}","{}","{""appliances.hob"",""appliances.oven"",""appliances.heating""}","{""appliances.fuelType""}"
"appliances.refrigerant","appliances","Refrigerant","Heating or cooling equipment with a refrigerant circuit.","{""refrigerant"",""refrigerant gas"",""heat pump""}","{}","{""appliances.heating"",""appliances.cooling""}","{""appliances.refrigerant""}"
"appliances.waterTank","appliances","Water reservoir","A small appliance with a refillable water reservoir, including coffee machines and steam appliances.","{""water"",""reservoir"",""coffee machine"",""steam""}","{}","{""appliances.descaling""}","{""appliances.waterTankCapacity""}"
"appliances.vacuum","appliances","Vacuum cleaner","A vacuum cleaner or cleaning robot with a dust container.","{""vacuum"",""cleaner"",""robot cleaner""}","{""appliances.appliance""}","{""appliances.consumables"",""appliances.cleaning""}","{""appliances.dustContainerCapacity""}"
"appliances.consumables","appliances","Consumables","An appliance requiring identifiable replacement filters, bags, cartridges or cleaning supplies.","{""consumables"",""filter"",""bag"",""cartridge"",""refill""}","{}","{""appliances.cleaning""}","{""appliances.replacementFilter"",""appliances.compatibleConsumable""}"
"appliances.cleaning","appliances","Cleaning","An appliance with documented cleaning instructions or a recurring cleaning interval.","{""cleaning"",""clean"",""care""}","{}","{""appliances.descaling"",""appliances.consumables""}","{""appliances.cleaningInstructions"",""appliances.cleaningInterval""}"
"appliances.descaling","appliances","Descaling","An appliance whose instructions require periodic descaling.","{""descaling"",""scale"",""limescale"",""coffee""}","{}","{""appliances.cleaning""}","{""appliances.descalingInterval""}"
"devices.ownership","devices","Ownership","A device acquired by purchase, gift or transfer. Seller, price and order reference apply to purchases.","{""ownership"",""purchase"",""receipt"",""gift"",""acquisition""}","{}","{""devices.warranty"",""devices.extendedWarranty""}","{""common.acquiredOn"",""common.seller"",""common.pricePaid"",""common.orderReference""}"
"devices.warranty","devices","Warranty","A product covered by a manufacturer warranty, including expired cover retained for reference.","{""warranty"",""guarantee"",""manufacturer cover""}","{}","{""devices.extendedWarranty""}","{""common.warrantyProvider"",""common.warrantyStarts"",""common.warrantyEnds""}"
"devices.extendedWarranty","devices","Extended warranty","A product with a separately purchased extended warranty. Its coverage dates and provider belong to this cover.","{""extended"",""warranty"",""extended guarantee""}","{}","{""devices.warranty""}","{""common.extendedWarrantyProvider"",""common.extendedWarrantyStarts"",""common.extendedWarrantyEnds""}"
"devices.support","devices","Support","A product with a support channel or manufacturer support registration.","{""support"",""customer service"",""help""}","{}","{""devices.maintenance""}","{""common.supportUrl"",""common.supportPhone"",""common.supportReference""}"
"devices.maintenance","devices","Maintenance","A product with a documented recurring service requirement. Intervals describe the maintenance terms.","{""maintenance"",""service"",""servicing""}","{}","{""devices.support""}","{""common.serviceProvider"",""common.serviceInterval""}"
"devices.device","devices","Device","An electronic device with manufacturer and model identity.","{""device"",""electronics"",""hardware""}","{}","{""devices.ownership"",""devices.warranty"",""devices.support"",""devices.maintenance"",""devices.dimensions""}","{""common.manufacturer"",""common.model"",""common.serialNumber"",""devices.deviceType"",""devices.hardwareRevision"",""devices.assetTag""}"
"devices.software","devices","System software","A device with an operating system or firmware version that its owner can identify.","{""system"",""software"",""OS"",""firmware""}","{}","{""devices.device""}","{""devices.operatingSystem"",""devices.firmwareVersion""}"
"devices.computing","devices","Computing and storage","A computer, phone, tablet, console or network storage device with computing or storage specifications.","{""computing"",""and"",""storage"",""CPU"",""RAM"",""computer"",""tablet"",""NAS""}","{""devices.device""}","{""devices.software""}","{""devices.processor"",""devices.memory"",""devices.builtInStorage"",""devices.expandableStorage""}"
"devices.cellular","devices","Cellular hardware","A phone, tablet, wearable or modem with cellular hardware. Line 2 and EID apply only to devices exposing those identities.","{""cellular"",""hardware"",""phone"",""eSIM"",""IMEI""}","{""devices.device""}","{}","{""devices.imeiLine1"",""devices.imeiLine2"",""devices.eid"",""devices.simFormat""}"
"devices.battery","devices","Battery and charging","A device powered by a battery or equipped with a charging input.","{""battery"",""and"",""charging"",""USB-C""}","{}","{""devices.device""}","{""devices.batteryModel"",""devices.batteryCapacity"",""devices.chargingConnector""}"
"devices.network","devices","Network connection","A network-connected device with a hostname or identifiable network interfaces.","{""network"",""connection"",""MAC"",""hostname"",""Ethernet""}","{}","{""devices.wifi"",""devices.smartHome""}","{""devices.ethernetMacAddress"",""devices.wiFiMacAddress"",""devices.localHostname""}"
"devices.wifi","devices","Wi-Fi","A device with a Wi-Fi radio.","{""wi"",""fi"",""wireless"",""Wi-Fi""}","{}","{""devices.network""}","{""devices.wiFiStandard"",""devices.wiFiBands""}"
"devices.smartHome","devices","Smart home compatibility","A smart-home device with a declared interoperability or control protocol.","{""smart"",""home"",""compatibility"",""Matter"",""Thread"",""Zigbee"",""smart home""}","{}","{""devices.network""}","{""devices.connectionProtocol""}"
"devices.display","devices","Display","A television, monitor or device with an integrated display or video connectors.","{""display"",""screen"",""monitor"",""TV""}","{}","{""devices.mounting"",""devices.device""}","{""devices.screenDiagonal"",""devices.displayResolution"",""devices.displayConnectors""}"
"devices.mounting","devices","Display mounting","A display with a VESA mounting pattern.","{""display"",""mounting"",""VESA"",""wall mount""}","{""devices.display""}","{}","{""devices.vesaMountingWidth"",""devices.vesaMountingHeight""}"
"devices.printing","devices","Printer","A printer or the printing component of a multifunction device. Colour consumables apply to colour printers.","{""printer"",""ink"",""toner"",""laser""}","{""devices.device""}","{""devices.scanning""}","{""devices.printTechnology"",""devices.blackCartridge"",""devices.colourCartridgeSet"",""devices.maximumPaperSize"",""devices.automaticDuplexPrinting""}"
"devices.scanning","devices","Scanner","A scanner or the scanning component of a multifunction device with a document feeder.","{""scanner"",""multifunction"",""ADF""}","{""devices.device""}","{""devices.printing""}","{""devices.automaticDuplexScanning""}"
"devices.camera","devices","Camera","A camera, interchangeable lens or recording device with the relevant lens, card or recording-storage feature.","{""camera"",""lens"",""security camera""}","{""devices.device""}","{}","{""devices.lensMount"",""devices.memoryCardFormat"",""devices.recordingStorage""}"
"devices.dimensions","devices","Dimensions","A device with declared physical dimensions or weight.","{""dimensions"",""size"",""weight""}","{}","{""devices.device""}","{""common.width"",""common.height"",""common.depth"",""common.weight""}"
"devices.environment","devices","Operating environment","A device with a declared ingress-protection rating or operating-temperature range.","{""operating"",""environment"",""IP rating"",""outdoor"",""temperature""}","{}","{""devices.device""}","{""devices.ingressProtection"",""devices.operatingTemperature""}"
"vehicles.ownership","vehicles","Ownership","A vehicle acquired by purchase, gift or transfer. Seller, price and order reference apply to purchases.","{""ownership"",""purchase"",""receipt"",""gift"",""acquisition""}","{}","{""vehicles.warranty"",""vehicles.extendedWarranty""}","{""common.acquiredOn"",""common.seller"",""common.pricePaid"",""common.orderReference""}"
"vehicles.warranty","vehicles","Warranty","A product covered by a manufacturer warranty, including expired cover retained for reference.","{""warranty"",""guarantee"",""manufacturer cover""}","{}","{""vehicles.extendedWarranty""}","{""common.warrantyProvider"",""common.warrantyStarts"",""common.warrantyEnds""}"
"vehicles.extendedWarranty","vehicles","Extended warranty","A product with a separately purchased extended warranty. Its coverage dates and provider belong to this cover.","{""extended"",""warranty"",""extended guarantee""}","{}","{""vehicles.warranty""}","{""common.extendedWarrantyProvider"",""common.extendedWarrantyStarts"",""common.extendedWarrantyEnds""}"
"vehicles.support","vehicles","Support","A product with a support channel or manufacturer support registration.","{""support"",""customer service"",""help""}","{}","{""vehicles.maintenance""}","{""common.supportUrl"",""common.supportPhone"",""common.supportReference""}"
"vehicles.maintenance","vehicles","Maintenance","A product with a documented recurring service requirement. Intervals describe the maintenance terms.","{""maintenance"",""service"",""servicing""}","{}","{""vehicles.support""}","{""common.serviceProvider"",""common.serviceInterval""}"
"vehicles.vehicle","vehicles","Vehicle","A road vehicle, cycle, trailer or watercraft with manufacturer and model identity.","{""vehicle"",""transport""}","{}","{""vehicles.serial"",""vehicles.ownership"",""vehicles.warranty"",""vehicles.support"",""vehicles.maintenance""}","{""common.manufacturer"",""common.model"",""vehicles.vehicleType"",""vehicles.modelYear"",""vehicles.colour""}"
"vehicles.serial","vehicles","Manufacturer serial number","A vehicle with a manufacturer serial number distinct from its VIN, frame number or hull identifier.","{""manufacturer"",""serial"",""number""}","{}","{""vehicles.vehicle""}","{""common.serialNumber""}"
"vehicles.registration","vehicles","Registration","A vehicle registered with a road or vessel authority.","{""registration"",""registration plate"",""number plate""}","{}","{""vehicles.vin""}","{""vehicles.registration"",""vehicles.registrationCountry"",""vehicles.firstRegistered""}"
"vehicles.vin","vehicles","VIN","A vehicle assigned a vehicle identification number.","{""vin"",""vehicle identification"",""chassis""}","{}","{""vehicles.registration""}","{""vehicles.vin""}"
"vehicles.roadMotor","vehicles","Road vehicle specifications","A motorised road vehicle, including cars, vans, motorcycles and motorhomes.","{""road"",""vehicle"",""specifications"",""motor vehicle""}","{""vehicles.vehicle""}","{""vehicles.registration"",""vehicles.vin"",""vehicles.combustion"",""vehicles.electric"",""vehicles.roadworthiness"",""vehicles.distanceMaintenance""}","{""vehicles.fuelOrPowerType"",""vehicles.transmission"",""vehicles.frontTyreSpecification"",""vehicles.rearTyreSpecification"",""vehicles.frontTyrePressure"",""vehicles.rearTyrePressure""}"
"vehicles.car","vehicles","Car","A passenger car. Seating capacity includes the driver.","{""car"",""passenger car"",""hatchback"",""estate"",""SUV""}","{""vehicles.roadMotor""}","{""vehicles.towing"",""vehicles.roofLoad""}","{""vehicles.seats""}"
"vehicles.van","vehicles","Van","A van or pickup used to carry goods. Cargo specifications describe its load space.","{""van"",""pickup"",""cargo"",""commercial vehicle""}","{""vehicles.roadMotor""}","{""vehicles.platedMass"",""vehicles.towing"",""vehicles.roofLoad""}","{""vehicles.seats"",""vehicles.payloadKg"",""vehicles.cargoLength"",""vehicles.cargoWidth"",""vehicles.cargoWidthBetweenWheelArches"",""vehicles.cargoHeight"",""vehicles.cargoVolume""}"
"vehicles.combustion","vehicles","Combustion engine","A road vehicle with a combustion engine, including hybrid vehicles.","{""combustion"",""engine"",""petrol"",""diesel"",""hybrid""}","{}","{""vehicles.electric""}","{""vehicles.engineCapacity"",""vehicles.fuelTankCapacity"",""vehicles.emissionStandard""}"
"vehicles.roadworthiness","vehicles","Roadworthiness","A vehicle subject to an applicable roadworthiness inspection scheme.","{""roadworthiness"",""MOT"",""inspection""}","{}","{""vehicles.registration""}","{""vehicles.roadworthinessTestScheme""}"
"vehicles.distanceMaintenance","vehicles","Distance-based servicing","A vehicle with a manufacturer service interval expressed as distance.","{""distance"",""based"",""servicing"",""mileage"",""kilometres"",""service interval""}","{}","{""vehicles.maintenance""}","{""vehicles.serviceMileageInterval""}"
"vehicles.roofLoad","vehicles","Roof load","A vehicle with a manufacturer-declared roof load limit.","{""roof"",""load"",""roof rack"",""roof bars""}","{}","{""vehicles.platedMass""}","{""vehicles.roofLoadLimit""}"
"vehicles.platedMass","vehicles","Permitted mass","A vehicle or trailer with a plated maximum authorised mass. Gross train weight applies to towing vehicles with a combined mass limit.","{""permitted"",""mass"",""MAM"",""GVW"",""GTW"",""weight plate""}","{}","{""vehicles.towing""}","{""vehicles.maximumAuthorisedMass"",""vehicles.grossTrainWeight""}"
"vehicles.towing","vehicles","Towing limits","A vehicle approved to tow trailers with stated braked or unbraked limits.","{""towing"",""limits"",""trailer"",""towbar""}","{}","{""vehicles.platedMass""}","{""vehicles.brakedTowingLimit"",""vehicles.unbrakedTowingLimit""}"
"vehicles.electric","vehicles","Electric drive","A battery-electric or plug-in hybrid road vehicle. DC specifications apply where DC charging is supported.","{""electric"",""drive"",""EV"",""PHEV"",""BEV"",""charging""}","{}","{""vehicles.batteryWarranty"",""vehicles.combustion""}","{""vehicles.usableTractionBatteryCapacity"",""vehicles.acChargingConnector"",""vehicles.dcChargingConnector"",""vehicles.maximumAcChargePower"",""vehicles.maximumDcChargePower""}"
"vehicles.batteryWarranty","vehicles","Traction battery warranty","A road vehicle with separate traction-battery warranty terms.","{""traction"",""battery"",""warranty"",""EV battery cover""}","{}","{""vehicles.electric"",""vehicles.warranty""}","{""vehicles.batteryWarrantyEnds"",""vehicles.batteryWarrantyDistanceLimit""}"
"vehicles.cycle","vehicles","Bicycle","A bicycle, cargo cycle or electrically assisted bicycle.","{""bicycle"",""bike"",""e-bike"",""cargo cycle""}","{""vehicles.vehicle""}","{""vehicles.cycleBattery""}","{""vehicles.frameNumber"",""vehicles.frameSize"",""vehicles.wheelSize"",""vehicles.brakeType"",""vehicles.drivetrain""}"
"vehicles.cycleBattery","vehicles","E-bike battery","An electrically assisted cycle with a battery pack.","{""e"",""bike"",""battery"",""e-bike"",""pedelec""}","{""vehicles.cycle""}","{}","{""vehicles.cycleBatteryCapacity"",""vehicles.cycleBatteryModel""}"
"vehicles.motorcycle","vehicles","Motorcycle","A motorcycle or motor scooter. Chain specification applies to chain-driven models.","{""motorcycle"",""motorbike"",""scooter""}","{""vehicles.roadMotor""}","{}","{""vehicles.seats"",""vehicles.finalDrive"",""vehicles.chainSpecification""}"
"vehicles.habitation","vehicles","Living accommodation","A caravan, motorhome or campervan fitted with accommodation. Tank capacities apply where the tanks are fitted.","{""living"",""accommodation"",""caravan"",""motorhome"",""camper""}","{}","{""vehicles.roadMotor"",""vehicles.platedMass""}","{""vehicles.berths"",""vehicles.freshWaterTankCapacity"",""vehicles.wasteWaterTankCapacity""}"
"vehicles.watercraft","vehicles","Watercraft","A boat or personal watercraft. Engine serial number applies to motorised craft.","{""watercraft"",""boat"",""vessel"",""jet ski""}","{""vehicles.vehicle""}","{""vehicles.registration""}","{""vehicles.hullIdentificationNumber"",""vehicles.hullLength"",""vehicles.beam"",""vehicles.draft"",""vehicles.engineSerialNumber""}"
"vehicles.finance","vehicles","Vehicle finance","A leased or financed vehicle. Mileage terms apply where specified by the agreement.","{""vehicle"",""finance"",""lease"",""PCP"",""hire purchase""}","{}","{""vehicles.ownership""}","{""vehicles.financeProvider"",""vehicles.agreementReference"",""vehicles.agreementEnds"",""vehicles.annualMileageAllowance"",""vehicles.excessMileageCharge""}"
"memberships.account","memberships","Account","A membership with a provider-managed account. Account identity is distinct from the specific plan or membership identity.","{""account"",""customer account"",""account holder""}","{}","{""memberships.support"",""memberships.billing""}","{""membership.provider"",""common.accountNumber"",""common.accountHolder"",""common.accountEmail"",""common.accountPortal""}"
"memberships.support","memberships","Support","An account with customer-support contact information.","{""support"",""customer service"",""help""}","{}","{}","{""common.supportUrl"",""common.supportPhone""}"
"memberships.billing","memberships","Billing","A service with a recurring contractual charge or stated billing and payment terms.","{""billing"",""price"",""payment""}","{}","{""memberships.commitment""}","{""common.recurringCharge"",""common.billingInterval"",""common.paymentMethod""}"
"memberships.commitment","memberships","Commitment and cancellation","A service with a minimum commitment period, cancellation notice or cancellation process.","{""commitment"",""and"",""cancellation"",""minimum term"",""cancel"",""notice""}","{}","{""memberships.billing""}","{""common.minimumTermEnds"",""common.cancellationNotice"",""common.cancellationInstructions""}"
"memberships.membership","memberships","Membership","Membership of an organisation, club or scheme. Term-end and auto-renewal details apply to memberships with those terms.","{""membership"",""member"",""join""}","{""memberships.account""}","{""memberships.namedMembers"",""memberships.access"",""memberships.commitment""}","{""membership.number"",""membership.level"",""memberships.membershipTier"",""common.startsOn"",""memberships.memberSince"",""membership.expires"",""membership.autoRenew""}"
"memberships.namedMembers","memberships","Members","A joint, family or group membership with named people.","{""members"",""family"",""joint"",""group""}","{}","{""memberships.membership""}","{""memberships.namedMembers""}"
"memberships.access","memberships","Access code","A membership using a private access PIN.","{""access"",""code"",""PIN"",""entry code""}","{}","{""memberships.membership""}","{""membership.accessPin""}"
"memberships.museum","memberships","Museum and heritage membership","Membership of a museum, gallery, heritage organisation, zoo or attraction offering venue or visitor benefits.","{""museum"",""and"",""heritage"",""membership"",""gallery"",""zoo"",""attraction""}","{""memberships.membership""}","{""memberships.namedMembers"",""memberships.access""}","{""memberships.includedVenues"",""memberships.guestAllowance"",""memberships.childAllowance"",""memberships.bookingRequirement"",""memberships.parkingBenefit"",""memberships.reciprocalAccess""}"
"memberships.leisure","memberships","Sports and leisure membership","A gym, pool, sports club or leisure membership with venue-access terms. Classes, guests, freezing and lockers apply where offered.","{""sports"",""and"",""leisure"",""membership"",""gym"",""pool"",""fitness""}","{""memberships.membership""}","{""memberships.access""}","{""memberships.homeVenue"",""memberships.otherIncludedVenues"",""memberships.accessTimes"",""memberships.includedClasses"",""memberships.guestPasses"",""memberships.freezeAllowance"",""memberships.lockerNumber""}"
"memberships.professional","memberships","Professional membership","A professional association, union or accreditation membership. Registration, CPD and accreditation dates apply where required.","{""professional"",""membership"",""professional body"",""union"",""CPD""}","{""memberships.membership""}","{}","{""memberships.professionalGrade"",""memberships.registrationNumber"",""memberships.cpdRequirement"",""memberships.accreditationExpires""}"
"memberships.lending","memberships","Borrowing membership","A library or lending-club membership with borrowing entitlements.","{""borrowing"",""membership"",""library"",""lending"",""borrow""}","{""memberships.membership""}","{}","{""memberships.borrowingLimit"",""memberships.standardLoanPeriod"",""memberships.homeBranch""}"
"memberships.loyalty","memberships","Loyalty programme","A loyalty or travel-club membership with a loyalty identifier or status tier.","{""loyalty"",""programme"",""frequent flyer"",""rewards""}","{""memberships.membership""}","{}","{""memberships.loyaltyNumber"",""memberships.statusTier""}"
"memberships.workspace","memberships","Workspace membership","A coworking space or makerspace membership with access or usage allowances. Induction applies where required.","{""workspace"",""membership"",""coworking"",""makerspace"",""workshop""}","{""memberships.membership""}","{""memberships.access""}","{""memberships.homeWorkspace"",""memberships.includedWorkspaceDays"",""memberships.meetingRoomAllowance"",""memberships.equipmentAccess"",""memberships.inductionCompleted""}"
"subscriptions.account","subscriptions","Account","A subscription with a provider-managed account. Account identity is distinct from the specific plan or membership identity.","{""account"",""customer account"",""account holder""}","{}","{""subscriptions.support"",""subscriptions.billing""}","{""common.provider"",""common.accountNumber"",""common.accountHolder"",""common.accountEmail"",""common.accountPortal""}"
"subscriptions.support","subscriptions","Support","An account with customer-support contact information.","{""support"",""customer service"",""help""}","{}","{}","{""common.supportUrl"",""common.supportPhone""}"
"subscriptions.billing","subscriptions","Billing","A service with a recurring contractual charge or stated billing and payment terms.","{""billing"",""price"",""payment""}","{}","{""subscriptions.commitment""}","{""common.recurringCharge"",""common.billingInterval"",""common.paymentMethod""}"
"subscriptions.commitment","subscriptions","Commitment and cancellation","A service with a minimum commitment period, cancellation notice or cancellation process.","{""commitment"",""and"",""cancellation"",""minimum term"",""cancel"",""notice""}","{}","{""subscriptions.billing""}","{""common.minimumTermEnds"",""common.cancellationNotice"",""common.cancellationInstructions""}"
"subscriptions.subscription","subscriptions","Subscription","A recurring or fixed-term subscription with a named plan. Access-end and auto-renewal details apply according to its terms.","{""subscription"",""plan""}","{""subscriptions.account""}","{""subscriptions.commitment"",""subscriptions.trial"",""subscriptions.introductoryOffer""}","{""subscriptions.subscriptionReference"",""subscriptions.planName"",""common.startsOn"",""common.automaticallyRenew"",""subscriptions.accessEnds"",""subscriptions.billedThrough""}"
"subscriptions.trial","subscriptions","Trial","A subscription with a fixed trial period.","{""trial"",""free trial"",""trial period""}","{}","{""subscriptions.subscription""}","{""subscriptions.trialEnds""}"
"subscriptions.introductoryOffer","subscriptions","Introductory offer","A subscription with a time-limited introductory price and a stated subsequent price.","{""introductory"",""offer"",""promotion"",""introductory price""}","{}","{""subscriptions.billing""}","{""subscriptions.introductoryPriceEnds"",""subscriptions.postOfferPrice""}"
"subscriptions.bundle","subscriptions","Included services","A subscription bundling more than one service. Each service-specific entitlement set applies independently.","{""included"",""services"",""bundle"",""package""}","{""subscriptions.subscription""}","{""subscriptions.streaming"",""subscriptions.software"",""subscriptions.cloudStorage""}","{""subscriptions.includedServices""}"
"subscriptions.streaming","subscriptions","Streaming","A video, music or gaming-streaming subscription with plan-specific playback entitlements. Video quality applies to video services.","{""streaming"",""video"",""music"",""gaming""}","{""subscriptions.subscription""}","{}","{""subscriptions.simultaneousStreams"",""subscriptions.maximumVideoQuality"",""subscriptions.advertising"",""subscriptions.offlineDownloads"",""subscriptions.extraMemberAllowance""}"
"subscriptions.software","subscriptions","Software licence","A software subscription with licensed-user, activation or licence-type terms. Licence key applies where activation requires a private key.","{""software"",""licence"",""SaaS""}","{""subscriptions.subscription""}","{""subscriptions.cloudStorage"",""subscriptions.metered""}","{""subscriptions.licensedUsers"",""subscriptions.activatedDeviceLimit"",""subscriptions.licenceType"",""subscriptions.licenceKey""}"
"subscriptions.cloudStorage","subscriptions","Cloud storage","A cloud service with a storage allowance or contractually selected storage region.","{""cloud"",""storage"",""drive""}","{""subscriptions.subscription""}","{""subscriptions.software"",""subscriptions.backup""}","{""subscriptions.storageAllowance"",""subscriptions.storageRegion""}"
"subscriptions.metered","subscriptions","Usage allowance","A metered subscription with a recurring quota, reset rule or overage price.","{""usage"",""allowance"",""quota"",""credits"",""metered usage""}","{}","{""subscriptions.subscription"",""subscriptions.billing""}","{""subscriptions.usageAllowance"",""subscriptions.allowanceResets"",""subscriptions.overagePrice""}"
"subscriptions.delivery","subscriptions","Deliveries","A print publication, meal kit, consumable or other subscription supplying regular physical deliveries.","{""deliveries"",""delivery"",""meal kit"",""magazine"",""refills""}","{""subscriptions.subscription""}","{}","{""subscriptions.deliveryAddress"",""subscriptions.deliveryFrequency"",""subscriptions.itemsPerDelivery"",""subscriptions.deliveryPreferences""}"
"subscriptions.domain","subscriptions","Domain registration","A subscription registering a single domain name. Each domain with distinct registration terms needs its own Thing.","{""domain"",""registration"",""registrar"",""DNS""}","{""subscriptions.subscription""}","{""subscriptions.hosting""}","{""subscriptions.domainName"",""subscriptions.domainExpires"",""subscriptions.registrar""}"
"subscriptions.hosting","subscriptions","Website hosting","A website or application hosting subscription.","{""website"",""hosting""}","{""subscriptions.subscription""}","{""subscriptions.domain"",""subscriptions.backup"",""subscriptions.cloudStorage""}","{""subscriptions.hostingPackage""}"
"subscriptions.backup","subscriptions","Backups","A subscription providing backups with a defined retention period.","{""backups"",""backup"",""retention""}","{}","{""subscriptions.hosting"",""subscriptions.cloudStorage""}","{""subscriptions.backupRetention""}"
"subscriptions.servicePlan","subscriptions","Service plan","A maintenance or household-service subscription covering an identified item or property with included visits.","{""service"",""plan"",""maintenance plan"",""service visits""}","{""subscriptions.subscription""}","{""subscriptions.monitoring"",""subscriptions.emergencyResponse""}","{""subscriptions.coveredItemOrProperty"",""subscriptions.includedVisits"",""subscriptions.serviceBookingPage""}"
"subscriptions.monitoring","subscriptions","Monitoring","An alarm or monitoring subscription. Recording retention applies to plans storing recordings.","{""monitoring"",""alarm"",""camera""}","{""subscriptions.subscription""}","{""subscriptions.emergencyResponse""}","{""subscriptions.monitoringLevel"",""subscriptions.recordingRetention""}"
"subscriptions.emergencyResponse","subscriptions","Emergency response","A service subscription with a stated emergency-response commitment.","{""emergency"",""response"",""response time""}","{}","{""subscriptions.servicePlan"",""subscriptions.monitoring""}","{""subscriptions.emergencyResponseTerms""}"
"utilities.account","utilities","Account","A utility service with a provider-managed account. Account identity is distinct from the specific plan or membership identity.","{""account"",""customer account"",""account holder""}","{}","{""utilities.support"",""utilities.billing""}","{""common.provider"",""common.accountNumber"",""common.accountHolder"",""common.accountEmail"",""common.accountPortal""}"
"utilities.support","utilities","Support","An account with customer-support contact information.","{""support"",""customer service"",""help""}","{}","{}","{""common.supportUrl"",""common.supportPhone""}"
"utilities.billing","utilities","Billing","A service with a recurring contractual charge or stated billing and payment terms.","{""billing"",""price"",""payment""}","{}","{""utilities.commitment""}","{""common.recurringCharge"",""common.billingInterval"",""common.paymentMethod""}"
"utilities.commitment","utilities","Commitment and cancellation","A service with a minimum commitment period, cancellation notice or cancellation process.","{""commitment"",""and"",""cancellation"",""minimum term"",""cancel"",""notice""}","{}","{""utilities.billing""}","{""common.minimumTermEnds"",""common.cancellationNotice"",""common.cancellationInstructions""}"
"utilities.service","utilities","Utility service","A utility account serving a property or providing a telecommunications service. Supply address applies to location-bound services.","{""utility"",""service"",""supply"",""service address""}","{""utilities.account""}","{""utilities.commitment""}","{""common.startsOn"",""utilities.supplyAddress"",""utilities.serviceType""}"
"utilities.tariff","utilities","Tariff terms","An account with tariff-wide terms. In a bundle, use this set only for terms shared by all included services; service-specific terms belong to their service sets.","{""tariff"",""terms"",""fixed"",""variable""}","{}","{""utilities.service""}","{""utilities.tariffName"",""utilities.tariffType"",""utilities.tariffStarts"",""utilities.tariffEnds"",""utilities.exitFee""}"
"utilities.electricity","utilities","Electricity supply","An electricity supply, including the electricity component of a dual-fuel account. Meter details apply to the associated import meter.","{""electricity"",""supply"",""electric power""}","{""utilities.service""}","{""utilities.electricityRates"",""utilities.timeOfUse"",""utilities.electricityGb"",""utilities.electricityPt"",""utilities.export"",""utilities.contractedPower""}","{""utilities.electricitySupplier"",""utilities.electricityTariffName"",""utilities.electricityTariffEnds"",""utilities.electricityMeterSerial"",""utilities.electricityMeterType""}"
"utilities.electricityRates","utilities","Electricity rates","An electricity tariff with contractual import rates and standing charges. The single unit rate applies to single-rate tariffs; effective date and tax basis qualify the prices.","{""electricity"",""rates"",""electricity price"",""unit rate""}","{}","{""utilities.electricity"",""utilities.timeOfUse"",""utilities.dynamicRates""}","{""utilities.electricityUnitRate"",""utilities.electricityStandingCharge"",""utilities.electricityRateEffectiveFrom"",""utilities.electricityRateTaxBasis"",""utilities.electricityExitFee""}"
"utilities.electricityGb","utilities","Electricity supply identity (GB)","An electricity supply in Great Britain identified by an MPAN.","{""electricity"",""supply"",""identity"",""gb"",""MPAN"",""Great Britain""}","{""utilities.electricity""}","{}","{""utilities.electricityMeterPointMpan""}"
"utilities.electricityPt","utilities","Electricity supply identity (Portugal)","An electricity supply in Portugal identified by a CPE.","{""electricity"",""supply"",""identity"",""portugal"",""CPE"",""Portugal""}","{""utilities.electricity""}","{""utilities.contractedPower""}","{""utilities.electricitySupplyPointCpe""}"
"utilities.timeOfUse","utilities","Time-of-use electricity","An electricity tariff with contractual peak and off-peak rates and time windows.","{""time"",""of"",""use"",""electricity"",""Economy 7"",""off-peak"",""EV tariff""}","{}","{""utilities.electricity"",""utilities.electricityRates""}","{""utilities.peakElectricityRate"",""utilities.offPeakElectricityRate"",""utilities.offPeakHours""}"
"utilities.dynamicRates","utilities","Dynamic tariff reference","An electricity tariff whose variable settlement-period prices are published at a stable provider URL. Store the reference URL here.","{""dynamic"",""tariff"",""reference"",""dynamic tariff"",""half-hourly""}","{}","{""utilities.electricity""}","{""utilities.dynamicRateSchedule""}"
"utilities.export","utilities","Electricity export","An electricity supply with an export agreement and any separately assigned export meter point.","{""electricity"",""export"",""solar"",""generation""}","{}","{""utilities.electricity""}","{""utilities.electricityExportRate"",""utilities.exportMeterPoint""}"
"utilities.contractedPower","utilities","Contracted power","An electricity contract specifying a contracted-power tier, including Portuguese electricity contracts.","{""contracted"",""power"",""kVA"",""potencia contratada""}","{}","{""utilities.electricity""}","{""utilities.contractedPower""}"
"utilities.gas","utilities","Gas supply","A gas supply, including the gas component of a dual-fuel account. Meter units describe the physical meter.","{""gas"",""supply"",""natural gas""}","{""utilities.service""}","{""utilities.gasRates"",""utilities.gasGb""}","{""utilities.gasSupplier"",""utilities.gasTariffName"",""utilities.gasTariffEnds"",""utilities.gasMeterSerial"",""utilities.gasMeterUnits""}"
"utilities.gasRates","utilities","Gas rates","A gas tariff with contractual unit rates and standing charges. Effective date and tax basis qualify the prices.","{""gas"",""rates"",""gas price"",""unit rate""}","{}","{""utilities.gas""}","{""utilities.gasUnitRate"",""utilities.gasStandingCharge"",""utilities.gasRateEffectiveFrom"",""utilities.gasRateTaxBasis"",""utilities.gasExitFee""}"
"utilities.gasGb","utilities","Gas supply identity (GB)","A gas supply in Great Britain identified by an MPRN.","{""gas"",""supply"",""identity"",""gb"",""MPRN"",""Great Britain""}","{""utilities.gas""}","{}","{""utilities.gasMeterPointMprn""}"
"utilities.dualFuel","utilities","Electricity and gas","One account supplying both electricity and gas to the same service location.","{""electricity"",""and"",""gas"",""dual fuel"",""electricity and gas""}","{""utilities.electricity"",""utilities.gas""}","{""utilities.electricityRates"",""utilities.gasRates"",""utilities.tariff""}","{}"
"utilities.water","utilities","Water supply","A clean-water supply account. Fixed charge and effective date apply where published.","{""water"",""supply"",""clean water""}","{""utilities.service""}","{""utilities.meteredWater"",""utilities.unmeteredWater"",""utilities.wastewater""}","{""utilities.waterSupplier"",""utilities.waterChargingBasis"",""utilities.waterFixedCharge"",""utilities.waterChargesEffectiveFrom""}"
"utilities.meteredWater","utilities","Metered water","A water supply billed using a physical meter.","{""metered"",""water"",""metered water"",""water meter""}","{""utilities.water""}","{}","{""utilities.waterMeterSerial"",""utilities.waterUnitRate""}"
"utilities.unmeteredWater","utilities","Unmetered water","A water account billed using a property rateable value.","{""unmetered"",""water"",""rateable value""}","{""utilities.water""}","{}","{""utilities.rateableValue""}"
"utilities.wastewater","utilities","Wastewater","A service charging for wastewater collection or treatment. Unit rate applies to usage-based charging.","{""wastewater"",""sewerage""}","{""utilities.service""}","{""utilities.water""}","{""utilities.wastewaterProvider"",""utilities.wastewaterUnitRate"",""utilities.wastewaterFixedCharge""}"
"utilities.broadband","utilities","Broadband","A broadband service, including the broadband component of a telecommunications bundle. Speeds are contractual specifications.","{""broadband"",""fibre"",""internet"",""FTTP""}","{""utilities.service""}","{""utilities.landline"",""utilities.tariff""}","{""utilities.broadbandPlan"",""utilities.broadbandTechnology"",""utilities.advertisedDownloadSpeed"",""utilities.estimatedDownloadSpeed"",""utilities.minimumGuaranteedDownloadSpeed"",""utilities.uploadSpeed"",""utilities.dataAllowance"",""utilities.routerOwnership""}"
"utilities.landline","utilities","Landline","A fixed telephone service, including the landline component of a bundle.","{""landline"",""telephone"",""VoIP""}","{""utilities.service""}","{""utilities.broadband""}","{""utilities.landlineNumber"",""utilities.includedCalls""}"
"utilities.mobile","utilities","Mobile service","A mobile phone or mobile-data contract. Roaming, calls and spending caps apply where offered.","{""mobile"",""service"",""SIM"",""airtime"",""roaming""}","{""utilities.service""}","{""utilities.handsetFinance"",""utilities.tariff""}","{""utilities.mobileNumber"",""utilities.mobileNetwork"",""utilities.simIdentifierIccid"",""utilities.mobileDataAllowance"",""utilities.includedMinutes"",""utilities.roamingAllowance"",""utilities.roamingDestinations"",""utilities.spendingCap""}"
"utilities.handsetFinance","utilities","Handset repayments","A mobile contract with a separately priced handset repayment agreement.","{""handset"",""repayments"",""phone finance""}","{}","{""utilities.mobile""}","{""utilities.handsetInstalment"",""utilities.handsetRepaymentEnds""}"
"utilities.heat","utilities","Heat network","A metered district or communal heating supply.","{""heat"",""network"",""district heating"",""heat network""}","{""utilities.service""}","{}","{""utilities.heatUnitRate"",""utilities.heatStandingCharge""}"
"utilities.deliveredFuel","utilities","Delivered fuel","A heating-oil or LPG supply delivered by volume to an associated storage tank.","{""delivered"",""fuel"",""oil"",""LPG"",""fuel tank""}","{""utilities.service""}","{}","{""utilities.fuelDeliveryUnit"",""utilities.fuelTankCapacity""}"
"utilities.waste","utilities","Waste collection","A waste-collection service with an allocated container.","{""waste"",""collection"",""bin""}","{""utilities.service""}","{}","{""utilities.containerSize""}"
"insurance.policy","insurance","Policy","An insurance policy or separately identified cover agreement. Brokers and underwriters apply where identified.","{""policy"",""insurance""}","{}","{""insurance.insuredPeople"",""insurance.premium"",""insurance.claims""}","{""insurance.provider"",""insurance.underwriter"",""insurance.broker"",""insurance.policyNumber"",""insurance.policyholder"",""insurance.policyStarts"",""insurance.policyEnds"",""common.automaticallyRenew""}"
"insurance.insuredPeople","insurance","Insured people","A policy covering named people.","{""insured"",""people"",""insured persons"",""family""}","{}","{""insurance.policy""}","{""insurance.insuredPeople""}"
"insurance.premium","insurance","Premium and payment","A policy with a quoted annual premium or instalment agreement.","{""premium"",""and"",""payment"",""instalments""}","{}","{""insurance.policy""}","{""insurance.annualPremium"",""insurance.instalmentAmount"",""insurance.instalmentFrequency"",""common.paymentMethod"",""insurance.cancellationTerms""}"
"insurance.claims","insurance","Claims and assistance","A policy with claim-submission or emergency-assistance contact channels.","{""claims"",""and"",""assistance"",""claim""}","{}","{""insurance.policy""}","{""insurance.claimsPhone"",""insurance.claimsPage"",""insurance.emergencyAssistancePhone""}"
"insurance.property","insurance","Insured property","Home cover referring to a single insured property address, shared by any buildings and contents components.","{""insured"",""property"",""home"",""address""}","{}","{""insurance.buildings"",""insurance.contents""}","{""insurance.insuredPropertyAddress""}"
"insurance.buildings","insurance","Buildings cover","Insurance covering a building structure, including the buildings component of combined home cover.","{""buildings"",""cover"",""rebuild"",""home""}","{""insurance.policy"",""insurance.property""}","{""insurance.contents"",""insurance.homeEmergency"",""insurance.publicLiability"",""insurance.legalExpenses""}","{""insurance.sumInsured"",""insurance.buildingsCoverBasis"",""insurance.excess"",""insurance.subsidenceExcess"",""insurance.buildingsAccidentalDamage"",""insurance.alternativeAccommodationLimit""}"
"insurance.contents","insurance","Contents cover","Insurance covering possessions, including the contents component of combined home cover. Limits and excesses apply to this component.","{""contents"",""cover"",""possessions"",""valuables""}","{""insurance.policy"",""insurance.property""}","{""insurance.buildings"",""insurance.specifiedItem"",""insurance.legalExpenses""}","{""insurance.sumInsured"",""insurance.contentsCoverBasis"",""insurance.excess"",""insurance.contentsAccidentalDamage"",""insurance.singleItemLimit"",""insurance.valuablesTotalLimit"",""insurance.awayFromHomeCoverLimit""}"
"insurance.combined","insurance","Buildings and contents","One policy covering both a building and its contents at the same insured property.","{""buildings"",""and"",""contents"",""combined home"",""buildings and contents""}","{""insurance.policy"",""insurance.buildings"",""insurance.contents""}","{""insurance.homeEmergency"",""insurance.legalExpenses""}","{}"
"insurance.specifiedItem","insurance","Specified possession","A contents policy with exactly one individually scheduled possession whose description and value are recorded together. Multiple scheduled possessions require a repeated-item model before mapping this section.","{""specified"",""possession"",""specified item"",""scheduled item"",""jewellery""}","{}","{""insurance.contents""}","{""insurance.specifiedItem"",""insurance.specifiedItemInsuredValue""}"
"insurance.motor","insurance","Motor cover","Motor cover for one insured vehicle with one set of cover and excess terms. Per-vehicle differences in multi-vehicle policies require a repeated-vehicle model before mapping this section.","{""motor"",""cover"",""car insurance"",""motor insurance"",""van insurance""}","{""insurance.policy""}","{""insurance.breakdown"",""insurance.legalExpenses""}","{""insurance.insuredVehicle"",""insurance.motorCoverLevel"",""insurance.permittedUse"",""insurance.namedDrivers"",""insurance.declaredAnnualMileage"",""insurance.compulsoryMotorExcess"",""insurance.voluntaryMotorExcess"",""insurance.windscreenExcess"",""insurance.noClaimsDiscount"",""insurance.noClaimsProtection"",""insurance.courtesyVehicleTerms""}"
"insurance.travel","insurance","Travel cover","Travel insurance or the travel component of a bundled policy. Benefit limits retain their per-person or per-claim basis.","{""travel"",""cover"",""holiday"",""annual multi-trip""}","{""insurance.policy""}","{""insurance.insuredPeople""}","{""insurance.travelPolicyType"",""insurance.travelCoverArea"",""insurance.maximumTripLength"",""insurance.cancellationLimit"",""insurance.emergencyMedicalLimit"",""insurance.baggageLimit"",""insurance.travelExcess"",""insurance.winterSportsCover"",""insurance.cruiseCover"",""insurance.medicalScreeningReference""}"
"insurance.pet","insurance","Pet cover","Pet insurance for one insured pet and one set of cover terms. Per-pet differences in multi-pet policies require a repeated-pet model before mapping this section.","{""pet"",""cover"",""vet"",""cat"",""dog""}","{""insurance.policy""}","{""insurance.publicLiability""}","{""insurance.insuredPet"",""insurance.petCoverType"",""insurance.vetFeesLimit"",""insurance.vetFeesLimitBasis"",""insurance.vetFeesExcess"",""insurance.vetFeesCoPayment"",""insurance.conditionCoverDuration""}"
"insurance.medical","insurance","Medical cover","Private medical insurance, including a medical component with its own benefits and underwriting terms.","{""medical"",""cover"",""health"",""hospital""}","{""insurance.policy""}","{""insurance.insuredPeople"",""insurance.dental""}","{""insurance.medicalCoverTier"",""insurance.hospitalNetwork"",""insurance.outpatientLimit"",""insurance.medicalExcess"",""insurance.underwritingBasis"",""insurance.waitingPeriodEnds""}"
"insurance.dental","insurance","Dental cover","A policy or policy component providing dental cover with an annual limit. Waiting-period end applies to this dental benefit where specified.","{""dental"",""cover"",""dentist""}","{""insurance.policy""}","{""insurance.medical""}","{""insurance.dentalAnnualLimit"",""insurance.waitingPeriodEnds""}"
"insurance.life","insurance","Life cover","Life assurance with one life-assured value and one set of cover terms. Term-end applies to fixed-term cover.","{""life"",""cover"",""life assurance"",""term life""}","{""insurance.policy""}","{""insurance.criticalIllness""}","{""insurance.lifeAssured"",""insurance.lifeCoverAmount"",""insurance.lifeCoverBasis"",""insurance.coverTermEnds""}"
"insurance.criticalIllness","insurance","Critical illness cover","A policy or policy component paying a stated critical-illness benefit.","{""critical"",""illness"",""cover"",""critical illness""}","{""insurance.policy""}","{""insurance.life""}","{""insurance.criticalIllnessAmount""}"
"insurance.incomeProtection","insurance","Income protection","Income protection with monthly benefits, a deferred period and defined payment-duration and incapacity terms.","{""income"",""protection"",""income protection"",""incapacity""}","{""insurance.policy""}","{}","{""insurance.monthlyBenefit"",""insurance.deferredPeriod"",""insurance.maximumBenefitPaymentPeriod"",""insurance.incapacityDefinition"",""insurance.coverCeases""}"
"insurance.breakdown","insurance","Breakdown cover","Standalone breakdown cover or the breakdown component of another policy.","{""breakdown"",""cover"",""roadside assistance""}","{""insurance.policy""}","{""insurance.motor""}","{""insurance.breakdownCoverBasis"",""insurance.breakdownTerritory""}"
"insurance.homeEmergency","insurance","Home emergency cover","Standalone home-emergency cover or an emergency component of home insurance.","{""home"",""emergency"",""cover"",""home emergency"",""boiler emergency""}","{""insurance.policy""}","{""insurance.buildings"",""insurance.contents""}","{""insurance.homeEmergencyLimit""}"
"insurance.gadget","insurance","Gadget cover","Cover for one identified gadget with one per-item limit. Multiple gadgets with different terms require a repeated-item model before mapping this section.","{""gadget"",""cover"",""phone insurance"",""laptop insurance""}","{""insurance.policy""}","{}","{""insurance.gadgetInsuredItem"",""insurance.gadgetCoverLimit""}"
"insurance.publicLiability","insurance","Public liability","A policy or component providing a stated public-liability limit.","{""public"",""liability"",""third party""}","{""insurance.policy""}","{}","{""insurance.publicLiabilityLimit""}"
"insurance.legalExpenses","insurance","Legal expenses","A policy or component providing a stated legal-expenses limit.","{""legal"",""expenses"",""legal expenses"",""legal protection""}","{""insurance.policy""}","{}","{""insurance.legalExpensesLimit""}"
