"category","field name","example value","scope","notes"
"Appliances","Acquired on","2026-03-18","Appliances where the corresponding acquisition detail is known. Includes gifts and transfers of ownership.",""
"Appliances","Seller","Example Retailer","Appliances where the corresponding acquisition detail is known.",""
"Appliances","Price paid","GBP 499.00","Appliances where the corresponding acquisition detail is known. The amount paid for this item; retain its currency.",""
"Appliances","Order reference","ORDER-00427","Appliances where the corresponding acquisition detail is known.",""
"Appliances","Manufacturer","Example Manufacturer","Appliances with a manufacturer or maker and identifiable product details.",""
"Appliances","Model","Example Model 200","Appliances with a manufacturer or maker and identifiable product details.",""
"Appliances","Serial number","SN-0000427","Appliances with a manufacturer or maker and identifiable product details. The identifier explicitly labelled as the unit serial number; preserve its source format and leading zeroes. BSH Z-Nr markings use the dedicated Z-number row.",""
"Appliances","Warranty provider","Example Manufacturer","Appliances covered by a manufacturer warranty.",""
"Appliances","Warranty starts","2026-03-18","Appliances covered by a manufacturer warranty.",""
"Appliances","Warranty ends","2028-03-17","Appliances covered by a manufacturer warranty. Only where the warranty has a stated expiry date.",""
"Appliances","Extended warranty provider","Example Cover Company","Appliances with separately purchased extended warranty cover.",""
"Appliances","Extended warranty starts","2028-03-18","Appliances with separately purchased extended warranty cover.",""
"Appliances","Extended warranty ends","2031-03-17","Appliances with separately purchased extended warranty cover.",""
"Appliances","Support website","https://example.com/support","Appliances for which support or maintenance information is available.",""
"Appliances","Support phone","01632 960123","Appliances for which support or maintenance information is available.",""
"Appliances","Support reference","SUP-00427","Appliances for which support or maintenance information is available. A product registration or support identifier assigned by the provider.",""
"Appliances","Service interval","Every 12 months","Appliances for which support or maintenance information is available. Use the manufacturer's or service provider's stated interval.",""
"Appliances","Appliance type","Washer-dryer","Household appliances with a rating plate or product label.",""
"Appliances","Product code","PROD-00427","Household appliances with a rating plate or product label. A manufacturer product code distinct from the model name and unit serial number.","Could be model number"
"Appliances","Manufactured on","2025-11","Household appliances with a rating plate or product label. Preserve the precision supplied by the manufacturer.",""
"Appliances","Finish","Brushed stainless steel","Household appliances with a rating plate or product label.",""
"Appliances","E-number (E-Nr)","WEXAMPLE/01","BSH household appliances, including Bosch, Neff and Siemens models, whose rating plate uses the named identifier. Model identifier; retain the slash variant suffix.",""
"Appliances","FD number","0012","BSH household appliances, including Bosch, Neff and Siemens models, whose rating plate uses the named identifier. Production identifier; preserve as text.",""
"Appliances","Z-number (Z-Nr)","007","BSH household appliances, including Bosch, Neff and Siemens models, whose rating plate uses the named identifier. The manufacturer-specific serial marking; may be short and requires other plate identifiers for context.",""
"Appliances","Product number (PNC)","914000000/01","AEG, Electrolux or Zanussi appliances whose product label provides a PNC. Retain any variant suffix printed on the label.",""
"Appliances","Installed on","2026-03-20","Installed or fitted appliances.",""
"Appliances","Installer","Example Installations","Installed or fitted appliances.",""
"Appliances","Installation type","Built-in","Installed or fitted appliances.",""
"Appliances","Width","598 mm","Installed or fitted appliances. External appliance width.",""
"Appliances","Height","815 mm","Installed or fitted appliances. External appliance height.",""
"Appliances","Depth","550 mm","Installed or fitted appliances. External appliance depth; specify whether handles are included if relevant.",""
"Appliances","Required recess width","600 mm","Built-in appliances with a specified installation opening width.",""
"Appliances","Required recess height","820 mm","Built-in appliances with a specified installation opening height.",""
"Appliances","Required recess depth","570 mm","Built-in appliances with a specified installation opening depth.",""
"Appliances","Ventilation clearance","50 mm at rear","Installed or fitted appliances. Appliances with installation clearance requirements.",""
"Appliances","Supply voltage","220–240 V AC","Electrically powered appliances with manufacturer supply requirements.",""
"Appliances","Supply frequency","50 Hz","Electrically powered appliances with manufacturer supply requirements.",""
"Appliances","Rated input power","2200 W","Electrically powered appliances with manufacturer supply requirements.",""
"Appliances","Electrical connection","Hardwired, single phase","Electrically powered appliances with manufacturer supply requirements.",""
"Appliances","Required circuit rating","16 A","Electrically powered appliances with manufacturer supply requirements. Use the installation instructions for the model.",""
"Appliances","Energy label scheme","EU A–G, 2021 scheme","Appliances carrying an energy label. Record the region and scheme so ratings from different scales remain distinguishable.",""
"Appliances","Energy class","B","Appliances carrying an energy label. Appliances with one overall class; combination products may have separate cycle classes.",""
"Appliances","Washing capacity","9 kg","Washing machines and the washing component of washer-dryers.",""
"Appliances","Maximum spin speed","1400 rpm","Washing machines and the washing component of washer-dryers.",""
"Appliances","Wash energy class","A","Washing machines and the washing component of washer-dryers. Where the energy label gives a separate washing-cycle class.",""
"Appliances","Wash energy use","49 kWh per 100 eco 40–60 cycles","Washing machines and the washing component of washer-dryers. Retain the label's programme and measurement basis.",""
"Appliances","Wash water use","50 L per eco 40–60 cycle","Washing machines and the washing component of washer-dryers.",""
"Appliances","Drying capacity","6 kg","Tumble dryers and the drying component of washer-dryers.",""
"Appliances","Drying technology","Condenser","Tumble dryers and the drying component of washer-dryers.",""
"Appliances","Wash-and-dry energy class","D","Washer-dryers with complete wash-and-dry cycle measurements.",""
"Appliances","Wash-and-dry energy use","300 kWh per 100 complete cycles","Washer-dryers with complete wash-and-dry cycle measurements.",""
"Appliances","Wash-and-dry water use","90 L per complete cycle","Washer-dryers with complete wash-and-dry cycle measurements.",""
"Appliances","Dishwasher water use","9.5 L per eco cycle","Dishwashers.",""
"Appliances","Dishwasher energy use","75 kWh per 100 eco cycles","Dishwashers.",""
"Appliances","Fridge capacity","230 L","Refrigerators and the chilled compartment of fridge-freezers.",""
"Appliances","Water filter model","FILTER-00427","Refrigerators and the chilled compartment of fridge-freezers. Models with a replaceable drinking-water filter.",""
"Appliances","Freezer capacity","95 L","Freezers and the frozen compartment of fridge-freezers.",""
"Appliances","Defrost system","Frost-free","Freezers and the frozen compartment of fridge-freezers.",""
"Appliances","Main oven capacity","71 L","Ovens, range cookers and combination ovens with the corresponding cooking component.",""
"Appliances","Second oven capacity","35 L","Ovens, range cookers and combination ovens with the corresponding cooking component. Models with a second oven cavity.",""
"Appliances","Hob type","Induction","Ovens, range cookers and combination ovens with the corresponding cooking component. Models with a hob component.",""
"Appliances","Number of cooking zones","4","Ovens, range cookers and combination ovens with the corresponding cooking component. Models with a hob component.",""
"Appliances","Output power","900 W","Ovens, range cookers and combination ovens with the corresponding cooking component. output power has separate meaning from electrical input power.",""
"Appliances","Heating output","8 kW","Boilers, heat pumps, water heaters and air conditioners with the corresponding function. Space-heating equipment.",""
"Appliances","Cooling output","3.5 kW","Boilers, heat pumps, water heaters and air conditioners with the corresponding function. Equipment providing cooling.",""
"Appliances","Tank capacity","180 L","Boilers, heat pumps, water heaters and air conditioners with the corresponding function. Equipment with a hot water storage cylinder.",""
"Appliances","Fuel type","Natural gas","Boilers, heat pumps, water heaters and air conditioners with the corresponding function. Fuel-burning equipment.",""
"Appliances","Refrigerant","R32","Boilers, heat pumps, water heaters and air conditioners with the corresponding function. Equipment with a refrigerant circuit.",""
"Appliances","Water tank capacity","1.8 L","Small appliances with the corresponding reservoir, consumable or maintenance requirement. Coffee machines, steam appliances and similar reservoir-equipped products.",""
"Appliances","Dust container capacity","0.7 L","Small appliances with the corresponding reservoir, consumable or maintenance requirement. Vacuum cleaners and cleaning robots.",""
"Appliances","Replacement filter","FILTER-EXAMPLE","Small appliances with the corresponding reservoir, consumable or maintenance requirement. Vacuum cleaners, purifiers and other appliances using replaceable filters.",""
"Appliances","Compatible consumable","BAG-EXAMPLE","Small appliances with the corresponding reservoir, consumable or maintenance requirement. Products requiring model-specific bags, cartridges or cleaning supplies.",""
"Appliances","Cleaning instructions","Run the drum-clean programme as instructed","Appliances with documented cleaning or descaling requirements.",""
"Appliances","Cleaning interval","After every 30 wash cycles","Appliances with documented cleaning or descaling requirements. Products with a documented recurring cleaning task.",""
"Appliances","Descaling interval","Every 3 months at local water hardness","Appliances with documented cleaning or descaling requirements. Products whose instructions require descaling.",""
"Devices","Acquired on","2026-03-18","Devices where the corresponding acquisition detail is known. Includes gifts and transfers of ownership.",""
"Devices","Seller","Example Retailer","Devices where the corresponding acquisition detail is known.",""
"Devices","Price paid","GBP 499.00","Devices where the corresponding acquisition detail is known. The amount paid for this item; retain its currency.",""
"Devices","Order reference","ORDER-00427","Devices where the corresponding acquisition detail is known.",""
"Devices","Manufacturer","Example Manufacturer","Devices with a manufacturer or maker and identifiable product details.",""
"Devices","Model","Example Model 200","Devices with a manufacturer or maker and identifiable product details.",""
"Devices","Serial number","SN-0000427","Devices with a manufacturer or maker and identifiable product details. The identifier explicitly labelled as the unit serial number; preserve its source format and leading zeroes.",""
"Devices","Warranty provider","Example Manufacturer","Devices covered by a manufacturer warranty.",""
"Devices","Warranty starts","2026-03-18","Devices covered by a manufacturer warranty.",""
"Devices","Warranty ends","2028-03-17","Devices covered by a manufacturer warranty. Only where the warranty has a stated expiry date.",""
"Devices","Extended warranty provider","Example Cover Company","Devices with separately purchased extended warranty cover.",""
"Devices","Extended warranty starts","2028-03-18","Devices with separately purchased extended warranty cover.",""
"Devices","Extended warranty ends","2031-03-17","Devices with separately purchased extended warranty cover.",""
"Devices","Support webpage","https://example.com/support","Devices for which support or maintenance information is available.",""
"Devices","Support phone","01632 960123","Devices for which support or maintenance information is available.",""
"Devices","Support reference","SUP-00427","Devices for which support or maintenance information is available. A product registration or support identifier assigned by the provider.",""
"Devices","Service provider","Example Repairs","Devices for which support or maintenance information is available.",""
"Devices","Service interval","Every 12 months","Devices for which support or maintenance information is available. Use the manufacturer's or service provider's stated interval.",""
"Devices","Device type","Laptop","Electronic devices with the corresponding identity or ownership detail.",""
"Devices","Hardware revision","Rev B","Electronic devices with the corresponding identity or ownership detail.",""
"Devices","Asset tag","ASSET-00427","Electronic devices with the corresponding identity or ownership detail. Devices tracked by a household or employer asset label.",""
"Devices","Operating system","Example OS 15","Electronic devices with the corresponding identity or ownership detail.",""
"Devices","Firmware version","2.4.1","Electronic devices with the corresponding identity or ownership detail. Devices exposing a firmware version.",""
"Devices","Processor","Example 8-core processor","Computers, tablets, phones, consoles and network storage with the corresponding specification.",""
"Devices","Memory","16 GB","Computers, tablets, phones, consoles and network storage with the corresponding specification.",""
"Devices","Built-in storage","512 GB","Computers, tablets, phones, consoles and network storage with the corresponding specification. Internal storage capacity as supplied or upgraded.",""
"Devices","Expandable storage","microSD up to 1 TB","Computers, tablets, phones, consoles and network storage with the corresponding specification. Models with removable or expandable storage.",""
"Devices","IMEI (line 1)","000000000000000","Phones, tablets, wearables and modems with cellular hardware. Synthetic identifier; the first cellular hardware identity.",""
"Devices","IMEI (line 2)","000000000000018","Phones, tablets, wearables and modems with cellular hardware. Devices exposing a second cellular hardware identity.",""
"Devices","EID","00000000000000000000000000000000","Phones, tablets, wearables and modems with cellular hardware. eSIM-capable devices exposing an EID; preserve as text.",""
"Devices","SIM format","Nano-SIM and eSIM","Phones, tablets, wearables and modems with cellular hardware.",""
"Devices","Battery model","BAT-00427","Devices with batteries or a charging input. Products with an identifiable replacement battery.",""
"Devices","Battery capacity","60 Wh","Devices with batteries or a charging input. Preserve the manufacturer unit, including mAh where used.",""
"Devices","Charging connector","USB-C","Devices with batteries or a charging input.",""
"Devices","Wi-Fi standard","Wi-Fi 6","Network-connected devices with the corresponding interface.",""
"Devices","Wi-Fi bands","2.4 GHz and 5 GHz","Network-connected devices with the corresponding interface.",""
"Devices","Ethernet MAC address","02:00:00:00:00:01","Network-connected devices with the corresponding interface. The Ethernet interface address; retain interface identity.",""
"Devices","Wi-Fi MAC address","02:00:00:00:00:02","Network-connected devices with the corresponding interface. The Wi-Fi interface address; private addresses can vary by network.",""
"Devices","Local hostname","printer.example","Network-connected devices with the corresponding interface.",""
"Devices","Connection protocol","Matter over Thread","Network-connected devices with the corresponding interface. Smart-home devices with a stated interoperability protocol.",""
"Devices","Screen diagonal","27 in","Televisions, monitors and devices with integrated displays.",""
"Devices","Display resolution","3840 x 2160 pixels","Televisions, monitors and devices with integrated displays.",""
"Devices","Display connectors","HDMI 2.1; DisplayPort 1.4","Televisions, monitors and devices with integrated displays. Devices exposing video input or output ports.",""
"Devices","VESA mounting width","100 mm","Displays with a VESA mounting pattern. Horizontal spacing between mounting holes.",""
"Devices","VESA mounting height","100 mm","Displays with a VESA mounting pattern. Vertical spacing between mounting holes.",""
"Devices","Print technology","Colour laser","Printers and multifunction devices.",""
"Devices","Black cartridge","BLACK-427","Printers and multifunction devices.",""
"Devices","Colour cartridge set","CYAN-427; MAGENTA-427; YELLOW-427","Printers and multifunction devices. Colour printers with separate colour consumables.",""
"Devices","Maximum paper size","A3","Printers and multifunction devices.",""
"Devices","Automatic duplex printing","Yes","Printers and multifunction devices. Printing capability; separate from duplex scanning.",""
"Devices","Automatic duplex scanning","No","Printers and multifunction devices. Devices with a scanner and document feeder.",""
"Devices","Lens mount","Example E-mount","Cameras, interchangeable lenses and security cameras with the corresponding feature. Cameras and lenses using an interchangeable mount.",""
"Devices","Memory card format","SDXC UHS-II","Cameras, interchangeable lenses and security cameras with the corresponding feature. Devices using removable recording media.",""
"Devices","Recording storage","Local microSD","Cameras, interchangeable lenses and security cameras with the corresponding feature. Security cameras with local or hosted recording.",""
"Devices","Width","120 mm","Portable, outdoor or installed devices with a specified external width.",""
"Devices","Height","80 mm","Portable, outdoor or installed devices with a specified external height.",""
"Devices","Depth","35 mm","Portable, outdoor or installed devices with a specified external depth.",""
"Devices","Weight","250 g","Portable, outdoor or installed devices with relevant physical specifications.",""
"Devices","Ingress protection","IP67","Portable, outdoor or installed devices with relevant physical specifications. Devices with a manufacturer-declared IP rating.",""
"Devices","Operating temperature","0–40 °C","Portable, outdoor or installed devices with relevant physical specifications. Devices with a stated operating range.",""
"Vehicles","Acquired on","2026-03-18","Vehicles where the corresponding acquisition detail is known. Includes gifts and transfers of ownership.",""
"Vehicles","Seller","Example Retailer","Vehicles where the corresponding acquisition detail is known.",""
"Vehicles","Price paid","GBP 499.00","Vehicles where the corresponding acquisition detail is known. The amount paid for this item; retain its currency.",""
"Vehicles","Order reference","ORDER-00427","Vehicles where the corresponding acquisition detail is known.",""
"Vehicles","Manufacturer","Example Manufacturer","Vehicles with a manufacturer or maker and identifiable product details.",""
"Vehicles","Model","Example Model 200","Vehicles with a manufacturer or maker and identifiable product details.",""
"Vehicles","Serial number","SN-0000427","Vehicles with a manufacturer or maker and identifiable product details. The identifier explicitly labelled as the unit serial number; preserve its source format and leading zeroes.",""
"Vehicles","Warranty provider","Example Manufacturer","Vehicles covered by a manufacturer warranty.",""
"Vehicles","Warranty starts","2026-03-18","Vehicles covered by a manufacturer warranty.",""
"Vehicles","Warranty ends","2028-03-17","Vehicles covered by a manufacturer warranty. Only where the warranty has a stated expiry date.",""
"Vehicles","Extended warranty provider","Example Cover Company","Vehicles with separately purchased extended warranty cover.",""
"Vehicles","Extended warranty starts","2028-03-18","Vehicles with separately purchased extended warranty cover.",""
"Vehicles","Extended warranty ends","2031-03-17","Vehicles with separately purchased extended warranty cover.",""
"Vehicles","Support webpage","https://example.com/support","Vehicles for which support or maintenance information is available.",""
"Vehicles","Support phone","01632 960123","Vehicles for which support or maintenance information is available.",""
"Vehicles","Support reference","SUP-00427","Vehicles for which support or maintenance information is available. A product registration or support identifier assigned by the provider.",""
"Vehicles","Service provider","Example Repairs","Vehicles for which support or maintenance information is available.",""
"Vehicles","Service interval","Every 12 months","Vehicles for which support or maintenance information is available. Use the manufacturer's or service provider's stated interval.",""
"Vehicles","Vehicle type","Van","Vehicles with the corresponding identity and registration details.",""
"Vehicles","Model year","2024","Vehicles with the corresponding identity and registration details.",""
"Vehicles","Registration","EXAMPLE-01","Vehicles with the corresponding identity and registration details. Vehicles registered with a road or vessel authority; retain jurisdiction-specific format.",""
"Vehicles","Registration country","United Kingdom","Vehicles with the corresponding identity and registration details. Registered vehicles.",""
"Vehicles","VIN","TESTVIN00000000001","Vehicles with the corresponding identity and registration details. Vehicles assigned a VIN; synthetic example.",""
"Vehicles","First registered","2024-05-02","Vehicles with the corresponding identity and registration details. Registered vehicles.",""
"Vehicles","Colour","Blue","Vehicles with the corresponding identity and registration details.",""
"Vehicles","Seats","5","Road motor vehicles with the corresponding operating specification. Includes vans fitted with passenger seats.",""
"Vehicles","Fuel or power type","Plug-in hybrid","Road motor vehicles with the corresponding operating specification.",""
"Vehicles","Transmission","Automatic","Road motor vehicles with the corresponding operating specification.",""
"Vehicles","Engine capacity","1998 cm³","Road motor vehicles with the corresponding operating specification. Vehicles with a combustion engine.",""
"Vehicles","Fuel tank capacity","55 L","Road motor vehicles with the corresponding operating specification. Vehicles with a fuel tank.",""
"Vehicles","Emission standard","Euro 6d","Road motor vehicles with the corresponding operating specification. Vehicles with a declared emissions classification.",""
"Vehicles","Front tyre specification","225/45 R18 95Y","Road motor vehicles with the corresponding operating specification.",""
"Vehicles","Rear tyre specification","255/40 R18 99Y","Road motor vehicles with the corresponding operating specification.",""
"Vehicles","Front tyre pressure","2.4 bar cold, normal load","Road motor vehicles with the corresponding operating specification. Use the manufacturer's load-specific value.",""
"Vehicles","Rear tyre pressure","2.6 bar cold, normal load","Road motor vehicles with the corresponding operating specification. Use the manufacturer's load-specific value.",""
"Vehicles","Roadworthiness test scheme","MOT, Great Britain","Vehicles subject to the named inspection, registration or maintenance requirement.",""
"Vehicles","Service mileage interval","12000 miles","Vehicles subject to the named inspection, registration or maintenance requirement. Vehicles with distance-based maintenance intervals.",""
"Vehicles","Payload","950 kg","Vans, pickups and other goods-carrying vehicles with manufacturer load specifications. Maximum permitted load under the manufacturer's stated configuration.",""
"Vehicles","Cargo length","2400 mm","Vans, pickups and other goods-carrying vehicles with manufacturer load specifications.",""
"Vehicles","Cargo width","1750 mm","Vans, pickups and other goods-carrying vehicles with manufacturer load specifications.",""
"Vehicles","Cargo width between wheel arches","1250 mm","Vans, pickups and other goods-carrying vehicles with manufacturer load specifications.",""
"Vehicles","Cargo height","1400 mm","Vans, pickups and other goods-carrying vehicles with manufacturer load specifications.",""
"Vehicles","Cargo volume","5.9 m³","Vans, pickups and other goods-carrying vehicles with manufacturer load specifications.",""
"Vehicles","Roof load limit","100 kg","Vans, pickups and other goods-carrying vehicles with manufacturer load specifications. Vehicles with a stated roof load limit.",""
"Vehicles","Maximum authorised mass","3500 kg","Vehicles and trailers with plated mass or towing limits. The permitted total laden vehicle mass.",""
"Vehicles","Gross train weight","6000 kg","Vehicles and trailers with plated mass or towing limits. Vehicles with a plated combined vehicle-and-trailer mass limit.",""
"Vehicles","Braked towing limit","2500 kg","Vehicles and trailers with plated mass or towing limits. Vehicles approved to tow a braked trailer.",""
"Vehicles","Unbraked towing limit","750 kg","Vehicles and trailers with plated mass or towing limits. Vehicles approved to tow an unbraked trailer.",""
"Vehicles","Usable traction battery capacity","64 kWh","Battery-electric and plug-in hybrid road vehicles with charging specifications.",""
"Vehicles","AC charging connector","Type 2","Battery-electric and plug-in hybrid road vehicles with charging specifications.",""
"Vehicles","DC charging connector","CCS2","Battery-electric and plug-in hybrid road vehicles with charging specifications. Vehicles supporting DC charging.",""
"Vehicles","Maximum AC charge power","11 kW","Battery-electric and plug-in hybrid road vehicles with charging specifications.",""
"Vehicles","Maximum DC charge power","150 kW","Battery-electric and plug-in hybrid road vehicles with charging specifications. Vehicles supporting DC charging.",""
"Vehicles","Battery warranty ends","2032-05-01","Battery-electric and plug-in hybrid road vehicles with charging specifications. Vehicles with separate traction-battery warranty cover.",""
"Vehicles","Battery warranty distance limit","100000 miles","Battery-electric and plug-in hybrid road vehicles with charging specifications. Vehicles whose battery warranty includes a distance limit.",""
"Vehicles","Frame number","FRAME-00427","Bicycles, cargo cycles and e-bikes with the corresponding specification.",""
"Vehicles","Frame size","54 cm","Bicycles, cargo cycles and e-bikes with the corresponding specification.",""
"Vehicles","Wheel size","700C","Bicycles, cargo cycles and e-bikes with the corresponding specification.",""
"Vehicles","Brake type","Hydraulic disc","Bicycles, cargo cycles and e-bikes with the corresponding specification.",""
"Vehicles","Drivetrain","1 x 11 speed","Bicycles, cargo cycles and e-bikes with the corresponding specification.",""
"Vehicles","Cycle battery capacity","500 Wh","Bicycles, cargo cycles and e-bikes with the corresponding specification. Electrically assisted cycles.",""
"Vehicles","Cycle battery model","PACK-00427","Bicycles, cargo cycles and e-bikes with the corresponding specification. Electrically assisted cycles with identifiable battery packs.",""
"Vehicles","Final drive","Chain","Motorcycles and scooters with the corresponding service specification.",""
"Vehicles","Chain specification","520, 112 links","Motorcycles and scooters with the corresponding service specification. Vehicles with chain final drive.",""
"Vehicles","Berths","4","Caravans, motorhomes and campervans with accommodation equipment.",""
"Vehicles","Fresh-water tank capacity","100 L","Caravans, motorhomes and campervans with accommodation equipment.",""
"Vehicles","Waste-water tank capacity","90 L","Caravans, motorhomes and campervans with accommodation equipment.",""
"Vehicles","Hull identification number","GB-EXAMPLE1234","Boats and personal watercraft with the corresponding vessel details.",""
"Vehicles","Hull length","7.2 m","Boats and personal watercraft with the corresponding vessel details.",""
"Vehicles","Beam","2.5 m","Boats and personal watercraft with the corresponding vessel details.",""
"Vehicles","Draft","0.8 m","Boats and personal watercraft with the corresponding vessel details.",""
"Vehicles","Engine serial number","ENG-00427","Boats and personal watercraft with the corresponding vessel details. Craft with an identified propulsion engine.",""
"Vehicles","Finance provider","Example Finance","Leased or financed vehicles with contractual limits.",""
"Vehicles","Agreement reference","FIN-00427","Leased or financed vehicles with contractual limits.",""
"Vehicles","Agreement ends","2028-05-01","Leased or financed vehicles with contractual limits.",""
"Vehicles","Annual mileage allowance","10000 miles","Leased or financed vehicles with contractual limits.",""
"Vehicles","Excess mileage charge","GBP 0.12 per mile","Leased or financed vehicles with contractual limits.",""
"Memberships","Provider","Example Provider","Memberships with provider-managed accounts or agreements.",""
"Memberships","Account number","ACCT-00427","Memberships with provider-managed accounts or agreements. Preserve as text, including leading zeroes.",""
"Memberships","Account holder","Alex Example","Memberships with provider-managed accounts or agreements.",""
"Memberships","Account email","alex@example.com","Memberships with provider-managed accounts or agreements.",""
"Memberships","Account portal","https://example.com/account","Memberships with provider-managed accounts or agreements.",""
"Memberships","Support page","https://example.com/help","Memberships with provider-managed accounts or agreements.",""
"Memberships","Support phone","01632 960123","Memberships with provider-managed accounts or agreements.",""
"Memberships","Starts on","2026-04-01","Memberships with provider-managed accounts or agreements. Start of membership, subscription or supply, as applicable.",""
"Memberships","Recurring charge","GBP 29.00","Memberships with recurring charges. The contractual recurring amount; usage charges may be additional.",""
"Memberships","Billing interval","Monthly","Memberships with recurring charges.",""
"Memberships","Payment method","Direct debit","Memberships with recurring charges. Method only.",""
"Memberships","Minimum term ends","2027-03-31","Memberships with recurring charges. Agreements with a minimum commitment period.",""
"Memberships","Cancellation notice","30 days","Memberships with recurring charges. Where a contractual notice period applies.",""
"Memberships","Cancellation instructions","Cancel through the account portal","Memberships with recurring charges.",""
"Memberships","Membership number","MEM-00427","Memberships issued by museums, clubs, professional bodies, gyms and similar organisations.",""
"Memberships","Membership type","Family","Memberships issued by museums, clubs, professional bodies, gyms and similar organisations. Provider-defined plan type; possible types include corporate, student and lifetime.",""
"Memberships","Membership tier","Patron","Memberships issued by museums, clubs, professional bodies, gyms and similar organisations. Where a separate tier or status exists.",""
"Memberships","Member since","2021-06-01","Memberships issued by museums, clubs, professional bodies, gyms and similar organisations. Original joining date, which may precede the current membership term.",""
"Memberships","Current term ends","2027-03-31","Memberships issued by museums, clubs, professional bodies, gyms and similar organisations. Fixed-period memberships.",""
"Memberships","Automatically renew","Yes","Memberships issued by museums, clubs, professional bodies, gyms and similar organisations. Memberships offering automatic renewal.",""
"Memberships","Named members","Alex Example; Sam Example","Memberships issued by museums, clubs, professional bodies, gyms and similar organisations. Joint, family or group memberships with named people.",""
"Memberships","Access PIN","004281","Memberships issued by museums, clubs, professional bodies, gyms and similar organisations. Memberships using a private access code; treat as sensitive.",""
"Memberships","Included venues","Example Museum; Example Gallery","Museum, gallery, heritage, zoo and attraction memberships with the corresponding benefit.",""
"Memberships","Guest allowance","1 guest per visit","Museum, gallery, heritage, zoo and attraction memberships with the corresponding benefit.",""
"Memberships","Child allowance","Up to 3 children under 18","Museum, gallery, heritage, zoo and attraction memberships with the corresponding benefit. Family plans with child eligibility rules.",""
"Memberships","Booking requirement","Reserve timed entry online","Museum, gallery, heritage, zoo and attraction memberships with the corresponding benefit.",""
"Memberships","Parking benefit","Parking included at participating venues","Museum, gallery, heritage, zoo and attraction memberships with the corresponding benefit.",""
"Memberships","Reciprocal access","Participating partner museums","Museum, gallery, heritage, zoo and attraction memberships with the corresponding benefit.",""
"Memberships","Home venue","Example Gym, Central","Gym, pool, sports club and leisure memberships with access conditions.",""
"Memberships","Other included venues","All regional branches","Gym, pool, sports club and leisure memberships with access conditions. Memberships with multi-site access.",""
"Memberships","Access times","Weekdays before 16:00","Gym, pool, sports club and leisure memberships with access conditions. Memberships with time restrictions.",""
"Memberships","Included classes","8 classes per month","Gym, pool, sports club and leisure memberships with access conditions. Plans with a class allowance.",""
"Memberships","Guest passes","2 per month","Gym, pool, sports club and leisure memberships with access conditions. Plans granting guest passes.",""
"Memberships","Freeze allowance","Up to 3 months per year","Gym, pool, sports club and leisure memberships with access conditions. Plans allowing suspension.",""
"Memberships","Locker number","L-0042","Gym, pool, sports club and leisure memberships with access conditions. Memberships with an allocated locker.",""
"Memberships","Professional grade","Associate","Professional association, union or accreditation memberships with the corresponding requirement.",""
"Memberships","Registration number","REG-00427","Professional association, union or accreditation memberships with the corresponding requirement. Where registration has an identifier separate from membership.",""
"Memberships","CPD requirement","20 hours per year","Professional association, union or accreditation memberships with the corresponding requirement. Memberships requiring continuing professional development.",""
"Memberships","Accreditation expires","2027-06-30","Professional association, union or accreditation memberships with the corresponding requirement. Time-limited accreditation attached to membership.",""
"Memberships","Borrowing limit","12 items","Library and lending-club memberships with borrowing entitlements.",""
"Memberships","Standard loan period","21 days","Library and lending-club memberships with borrowing entitlements.",""
"Memberships","Home branch","Example Central Library","Library and lending-club memberships with borrowing entitlements.",""
"Memberships","Loyalty number","LOY-00427","Loyalty schemes and travel clubs with points or status benefits.",""
"Memberships","Status tier","Gold","Loyalty schemes and travel clubs with points or status benefits.",""
"Memberships","Home workspace","Example Workshop","Coworking, makerspace and workspace memberships with usage allowances.",""
"Memberships","Included workspace days","10 days per month","Coworking, makerspace and workspace memberships with usage allowances.",""
"Memberships","Meeting room allowance","4 hours per month","Coworking, makerspace and workspace memberships with usage allowances.",""
"Memberships","Equipment access","Woodworking area","Coworking, makerspace and workspace memberships with usage allowances. Memberships authorising use of specified equipment or spaces.",""
"Memberships","Induction completed","2026-04-03","Coworking, makerspace and workspace memberships with usage allowances. Memberships requiring an induction before access.",""
"Subscriptions","Provider","Example Provider","Subscriptions with provider-managed accounts or agreements.",""
"Subscriptions","Account number","ACCT-00427","Subscriptions with provider-managed accounts or agreements. Preserve as text, including leading zeroes.",""
"Subscriptions","Account holder","Alex Example","Subscriptions with provider-managed accounts or agreements.",""
"Subscriptions","Account email","alex@example.com","Subscriptions with provider-managed accounts or agreements.",""
"Subscriptions","Account portal","https://example.com/account","Subscriptions with provider-managed accounts or agreements.",""
"Subscriptions","Support webpage","https://example.com/help","Subscriptions with provider-managed accounts or agreements.",""
"Subscriptions","Support phone","01632 960123","Subscriptions with provider-managed accounts or agreements.",""
"Subscriptions","Starts on","2026-04-01","Subscriptions with provider-managed accounts or agreements. Start of membership, subscription or supply, as applicable.",""
"Subscriptions","Recurring charge","GBP 29.00","Subscriptions with recurring charges. The contractual recurring amount; usage charges may be additional.",""
"Subscriptions","Billing interval","Monthly","Subscriptions with recurring charges.",""
"Subscriptions","Payment method","Direct debit","Subscriptions with recurring charges. Method only.",""
"Subscriptions","Minimum term ends","2027-03-31","Subscriptions with recurring charges. Agreements with a minimum commitment period.",""
"Subscriptions","Cancellation notice","30 days","Subscriptions with recurring charges. Where a contractual notice period applies.",""
"Subscriptions","Cancellation instructions","Cancel through the account portal","Subscriptions with recurring charges.",""
"Subscriptions","Subscription reference","SUB-00427","Subscriptions with a named plan and lifecycle terms.",""
"Subscriptions","Plan name","Family Plus","Subscriptions with a named plan and lifecycle terms.",""
"Subscriptions","Automatically renew","Yes","Subscriptions with a named plan and lifecycle terms.",""
"Subscriptions","Access ends","2027-03-31","Subscriptions with a named plan and lifecycle terms. Fixed-term or cancelled subscriptions with a known access end date.",""
"Subscriptions","Trial ends","2026-10-15","Subscriptions with a named plan and lifecycle terms. Subscriptions in a trial period.",""
"Subscriptions","Introductory price ends","2026-12-31","Subscriptions with a named plan and lifecycle terms. Plans with a limited promotional price.",""
"Subscriptions","Post-offer price","GBP 39.00 per month","Subscriptions with a named plan and lifecycle terms. Plans with a documented post-offer charge.",""
"Subscriptions","Billed through","Example App Store","Subscriptions with a named plan and lifecycle terms. Subscriptions billed by an intermediary.",""
"Subscriptions","Included services","Video; music; games","Streaming video, music and gaming subscriptions with the corresponding entitlement. Bundles with more than one service.",""
"Subscriptions","Simultaneous streams","4","Streaming video, music and gaming subscriptions with the corresponding entitlement. Streaming plans with a concurrency limit.",""
"Subscriptions","Maximum video quality","4K UHD","Streaming video, music and gaming subscriptions with the corresponding entitlement. Video plans.",""
"Subscriptions","Advertising","Ad-supported","Streaming video, music and gaming subscriptions with the corresponding entitlement. Plans whose advertising level varies.",""
"Subscriptions","Offline downloads","Up to 6 devices","Streaming video, music and gaming subscriptions with the corresponding entitlement. Plans supporting offline content.",""
"Subscriptions","Extra member allowance","1 additional account","Streaming video, music and gaming subscriptions with the corresponding entitlement. Plans permitting additional members outside the primary account.",""
"Subscriptions","Licensed users","6","Software and cloud subscriptions with user or resource entitlements.",""
"Subscriptions","Activated device limit","5 per user","Software and cloud subscriptions with user or resource entitlements. Licences limiting device activation.",""
"Subscriptions","Licence type","Named user","Software and cloud subscriptions with user or resource entitlements.",""
"Subscriptions","Storage allowance","1 TB per user","Software and cloud subscriptions with user or resource entitlements. Cloud storage plans; preserve whether limits are per user or shared.",""
"Subscriptions","Storage region","European Union","Software and cloud subscriptions with user or resource entitlements. Plans with a selected or contractually specified data region.",""
"Subscriptions","Usage allowance","1000 credits per month","Software and cloud subscriptions with user or resource entitlements. Metered plans.",""
"Subscriptions","Allowance resets","First day of each month","Software and cloud subscriptions with user or resource entitlements. Plans with renewing quotas.",""
"Subscriptions","Overage price","GBP 0.05 per credit","Software and cloud subscriptions with user or resource entitlements. Plans charging above the included quota.",""
"Subscriptions","Licence key","EXAMPLE-ONLY-KEY","Software and cloud subscriptions with user or resource entitlements. Software requiring a private activation key; treat as sensitive.",""
"Subscriptions","Delivery address","42 Example Street, Exampletown","Print publications, meal kits, consumables and other delivery subscriptions.",""
"Subscriptions","Delivery frequency","Every 2 weeks","Print publications, meal kits, consumables and other delivery subscriptions.",""
"Subscriptions","Items per delivery","6 portions","Print publications, meal kits, consumables and other delivery subscriptions.",""
"Subscriptions","Delivery preferences","Vegetarian meals","Print publications, meal kits, consumables and other delivery subscriptions. Plans with user-selected delivery contents.",""
"Subscriptions","Domain name","example.org","Domain registration, hosting and website subscriptions. Domain registrations.",""
"Subscriptions","Domain expires","2027-04-01","Domain registration, hosting and website subscriptions. Domain registrations with a stated expiry.",""
"Subscriptions","Registrar","Example Registrar","Domain registration, hosting and website subscriptions. Domain registrations.",""
"Subscriptions","Hosting package","Managed hosting 20 GB","Domain registration, hosting and website subscriptions. Hosting agreements.",""
"Subscriptions","Backup retention","30 days","Domain registration, hosting and website subscriptions. Hosting or backup plans with a retention policy.",""
"Subscriptions","Covered item or property","Kitchen boiler","Home monitoring, maintenance and other service subscriptions with scheduled benefits.",""
"Subscriptions","Included visits","1 service per year","Home monitoring, maintenance and other service subscriptions with scheduled benefits.",""
"Subscriptions","Service booking page","https://example.com/book-service","Home monitoring, maintenance and other service subscriptions with scheduled benefits.",""
"Subscriptions","Monitoring level","Professional monitoring","Home monitoring, maintenance and other service subscriptions with scheduled benefits. Alarm or monitoring subscriptions.",""
"Subscriptions","Recording retention","30 days","Home monitoring, maintenance and other service subscriptions with scheduled benefits. Camera recording subscriptions.",""
"Subscriptions","Emergency response terms","Remote assessment within 2 hours","Home monitoring, maintenance and other service subscriptions with scheduled benefits. Plans offering a documented response commitment.",""
"Utilities","Provider","Example Provider","Utilities with provider-managed accounts or agreements.",""
"Utilities","Account number","ACCT-00427","Utilities with provider-managed accounts or agreements. Preserve as text, including leading zeroes.",""
"Utilities","Account holder","Alex Example","Utilities with provider-managed accounts or agreements.",""
"Utilities","Account email","alex@example.com","Utilities with provider-managed accounts or agreements.",""
"Utilities","Account portal","https://example.com/account","Utilities with provider-managed accounts or agreements.",""
"Utilities","Support page","https://example.com/help","Utilities with provider-managed accounts or agreements.",""
"Utilities","Support phone","01632 960123","Utilities with provider-managed accounts or agreements.",""
"Utilities","Starts on","2026-04-01","Utilities with provider-managed accounts or agreements. Start of membership, subscription or supply, as applicable.",""
"Utilities","Recurring charge","GBP 29.00","Utilities with recurring charges. The contractual recurring amount; usage charges may be additional.",""
"Utilities","Billing interval","Monthly","Utilities with recurring charges.",""
"Utilities","Payment method","Direct debit","Utilities with recurring charges. Method only.",""
"Utilities","Minimum term ends","2027-03-31","Utilities with recurring charges. Agreements with a minimum commitment period.",""
"Utilities","Cancellation notice","30 days","Utilities with recurring charges. Where a contractual notice period applies.",""
"Utilities","Cancellation instructions","Cancel through the account portal","Utilities with recurring charges.",""
"Utilities","Supply address","42 Example Street, Exampletown","Utility accounts tied to a supplied property or service location.",""
"Utilities","Service type","Electricity and gas","Utility accounts tied to a supplied property or service location.",""
"Utilities","Tariff name","Example Fixed 12","Utility accounts tied to a supplied property or service location.",""
"Utilities","Tariff type","Fixed unit rates","Utility accounts tied to a supplied property or service location.",""
"Utilities","Tariff starts","2026-04-01","Utility accounts tied to a supplied property or service location.",""
"Utilities","Tariff ends","2027-03-31","Utility accounts tied to a supplied property or service location. Time-limited tariffs.",""
"Utilities","Exit fee","GBP 50.00 per fuel","Utility accounts tied to a supplied property or service location. Tariffs with an early exit charge; preserve its charging basis.",""
"Utilities","Electricity supplier","Example Energy","Electricity supplies, including the electricity component of dual-fuel accounts. Where the service-specific supplier needs identifying.",""
"Utilities","Electricity tariff name","Example Electricity Fixed","Electricity supplies, including the electricity component of dual-fuel accounts.",""
"Utilities","Electricity tariff ends","2027-03-31","Electricity supplies, including the electricity component of dual-fuel accounts. Electricity tariffs with an expiry date.",""
"Utilities","Electricity meter point (MPAN)","0000000000000","Electricity supplies, including the electricity component of dual-fuel accounts. Great Britain electricity supplies using an MPAN; synthetic identifier.",""
"Utilities","Electricity supply point (CPE)","CPE-EXAMPLE","Electricity supplies, including the electricity component of dual-fuel accounts. Portuguese electricity supplies using a CPE; placeholder identifier.",""
"Utilities","Electricity meter serial","ELEC-00427","Electricity supplies, including the electricity component of dual-fuel accounts.",""
"Utilities","Electricity meter type","Smart meter","Electricity supplies, including the electricity component of dual-fuel accounts.",""
"Utilities","Electricity unit rate","GBP 0.24567 per kWh","Electricity supplies, including the electricity component of dual-fuel accounts. Single-rate electricity tariffs; retain precision beyond whole pence.",""
"Utilities","Electricity standing charge","GBP 0.5123 per day","Electricity supplies, including the electricity component of dual-fuel accounts.",""
"Utilities","Electricity rate effective from","2026-04-01","Electricity supplies, including the electricity component of dual-fuel accounts. Date the recorded electricity prices take effect.",""
"Utilities","Electricity rate tax basis","Includes VAT","Electricity supplies, including the electricity component of dual-fuel accounts. Recorded electricity prices.",""
"Utilities","Electricity exit fee","GBP 50.00","Electricity supplies, including the electricity component of dual-fuel accounts. Electricity-specific early exit charge in a bundled account.",""
"Utilities","Peak electricity rate","GBP 0.32 per kWh","Electricity tariffs with time-dependent import or export rates. Multi-rate import tariffs.",""
"Utilities","Off-peak electricity rate","GBP 0.09 per kWh","Electricity tariffs with time-dependent import or export rates. Multi-rate import tariffs.",""
"Utilities","Off-peak hours","00:30–05:30 Europe/London","Electricity tariffs with time-dependent import or export rates. Include timezone and any seasonal clock rules in the tariff.",""
"Utilities","Dynamic rate schedule","https://example.com/tariff-rates","Electricity tariffs with time-dependent import or export rates. Tariffs whose rates vary by settlement period.",""
"Utilities","Electricity export rate","GBP 0.15 per kWh","Electricity tariffs with time-dependent import or export rates. Supplies receiving payment for exported generation.",""
"Utilities","Export meter point","0000000000001","Electricity tariffs with time-dependent import or export rates. Export supplies assigned a separate meter-point identifier; synthetic example.",""
"Utilities","Contracted power","6.9 kVA","Electricity supplies whose contract specifies a power tier, including Portuguese electricity contracts.",""
"Utilities","Gas supplier","Example Energy","Gas supplies, including the gas component of dual-fuel accounts.",""
"Utilities","Gas tariff name","Example Gas Fixed","Gas supplies, including the gas component of dual-fuel accounts.",""
"Utilities","Gas tariff ends","2027-03-31","Gas supplies, including the gas component of dual-fuel accounts. Gas tariffs with an expiry date.",""
"Utilities","Gas meter point (MPRN)","0000000000","Gas supplies, including the gas component of dual-fuel accounts. Great Britain gas supplies using an MPRN; synthetic identifier.",""
"Utilities","Gas meter serial","GAS-00427","Gas supplies, including the gas component of dual-fuel accounts.",""
"Utilities","Gas meter units","m³","Gas supplies, including the gas component of dual-fuel accounts. Retain meter units separately from billed kWh.",""
"Utilities","Gas unit rate","GBP 0.06123 per kWh","Gas supplies, including the gas component of dual-fuel accounts.",""
"Utilities","Gas standing charge","GBP 0.3012 per day","Gas supplies, including the gas component of dual-fuel accounts.",""
"Utilities","Gas rate effective from","2026-04-01","Gas supplies, including the gas component of dual-fuel accounts.",""
"Utilities","Gas rate tax basis","Includes VAT","Gas supplies, including the gas component of dual-fuel accounts.",""
"Utilities","Gas exit fee","GBP 50.00","Gas supplies, including the gas component of dual-fuel accounts. Gas-specific early exit charge in a bundled account.",""
"Utilities","Water supplier","Example Water","Water and wastewater accounts with the corresponding charging basis.",""
"Utilities","Wastewater provider","Example Sewerage","Water and wastewater accounts with the corresponding charging basis. Accounts including wastewater services, which may have a different provider.",""
"Utilities","Water charging basis","Metered","Water and wastewater accounts with the corresponding charging basis.",""
"Utilities","Water meter serial","WATER-00427","Water and wastewater accounts with the corresponding charging basis. Metered supplies.",""
"Utilities","Water unit rate","GBP 2.10 per m³","Water and wastewater accounts with the corresponding charging basis. Metered water charges.",""
"Utilities","Water fixed charge","GBP 45.00 per year","Water and wastewater accounts with the corresponding charging basis.",""
"Utilities","Wastewater unit rate","GBP 1.60 per m³","Water and wastewater accounts with the corresponding charging basis. Usage-based wastewater charges.",""
"Utilities","Wastewater fixed charge","GBP 65.00 per year","Water and wastewater accounts with the corresponding charging basis.",""
"Utilities","Water charges effective from","2026-04-01","Water and wastewater accounts with the corresponding charging basis.",""
"Utilities","Rateable value","GBP 180.00","Water and wastewater accounts with the corresponding charging basis. Unmetered accounts using a property rateable value as their charging basis.",""
"Utilities","Broadband plan","Example Fibre 500","Broadband and landline services, including their components within bundles.",""
"Utilities","Broadband technology","FTTP","Broadband and landline services, including their components within bundles.",""
"Utilities","Advertised download speed","500 Mbit/s","Broadband and landline services, including their components within bundles.",""
"Utilities","Estimated download speed","450–500 Mbit/s","Broadband and landline services, including their components within bundles. Contracts providing an estimated range.",""
"Utilities","Minimum guaranteed download speed","250 Mbit/s","Broadband and landline services, including their components within bundles. Contracts providing a guarantee.",""
"Utilities","Upload speed","70 Mbit/s","Broadband and landline services, including their components within bundles.",""
"Utilities","Data allowance","Unlimited","Broadband and landline services, including their components within bundles.",""
"Utilities","Landline number","01632 960123","Broadband and landline services, including their components within bundles. Services with a telephone number.",""
"Utilities","Included calls","UK landlines at weekends","Broadband and landline services, including their components within bundles. Plans with a call bundle.",""
"Utilities","Router ownership","On loan; return when service ends","Broadband and landline services, including their components within bundles. Services supplying a router.",""
"Utilities","Mobile number","07700 900123","Mobile and mobile-data service contracts.",""
"Utilities","Mobile network","Example Mobile","Mobile and mobile-data service contracts.",""
"Utilities","SIM identifier (ICCID)","0000000000000000000","Mobile and mobile-data service contracts. The service SIM identity; synthetic example.",""
"Utilities","Mobile data allowance","50 GB per month","Mobile and mobile-data service contracts.",""
"Utilities","Included minutes","Unlimited UK calls","Mobile and mobile-data service contracts.",""
"Utilities","Roaming allowance","20 GB in listed destinations","Mobile and mobile-data service contracts.",""
"Utilities","Roaming destinations","European Union","Mobile and mobile-data service contracts.",""
"Utilities","Spending cap","GBP 10.00 per month","Mobile and mobile-data service contracts. Contracts with an account spending cap.",""
"Utilities","Handset instalment","GBP 20.00 per month","Mobile and mobile-data service contracts. Bundles with a separately priced handset repayment.",""
"Utilities","Handset repayment ends","2028-03-31","Mobile and mobile-data service contracts. Handset finance bundled with airtime.",""
"Utilities","Heat unit rate","GBP 0.12 per kWh","Heating networks, delivered fuels and waste-collection services. Metered district or communal heating supplies.",""
"Utilities","Heat standing charge","GBP 0.70 per day","Heating networks, delivered fuels and waste-collection services. Heating networks with a fixed charge.",""
"Utilities","Fuel delivery unit","Litre","Heating networks, delivered fuels and waste-collection services. Heating oil or LPG delivered by volume.",""
"Utilities","Fuel tank capacity","1200 L","Heating networks, delivered fuels and waste-collection services. Delivered-fuel accounts associated with a storage tank.",""
"Utilities","Container size","240 L","Heating networks, delivered fuels and waste-collection services. Waste-collection services with an allocated bin.",""
"Insurance","Insurance provider","Example Insurance","Insurance policies with the corresponding administration or payment detail.",""
"Insurance","Underwriter","Example Underwriting Ltd","Insurance policies with the corresponding administration or payment detail. Where the risk carrier differs from the retail provider.",""
"Insurance","Broker","Example Broker","Insurance policies with the corresponding administration or payment detail. Broker-arranged policies.",""
"Insurance","Policy number","POL-00427","Insurance policies with the corresponding administration or payment detail.",""
"Insurance","Policyholder","Alex Example","Insurance policies with the corresponding administration or payment detail.",""
"Insurance","Insured people","Alex Example; Sam Example","Insurance policies with the corresponding administration or payment detail. Policies covering named people.",""
"Insurance","Policy starts","2026-04-01","Insurance policies with the corresponding administration or payment detail.",""
"Insurance","Policy ends","2027-03-31","Insurance policies with the corresponding administration or payment detail.",""
"Insurance","Automatically renew","Yes","Insurance policies with the corresponding administration or payment detail. Policies offering automatic renewal.",""
"Insurance","Annual premium","GBP 420.00","Insurance policies with the corresponding administration or payment detail. The quoted premium for a full policy year.",""
"Insurance","Instalment amount","GBP 38.00","Insurance policies with the corresponding administration or payment detail. Policies paid in instalments, which may include financing costs.",""
"Insurance","Instalment frequency","Monthly","Insurance policies with the corresponding administration or payment detail. Policies paid in instalments.",""
"Insurance","Payment method","Direct debit","Insurance policies with the corresponding administration or payment detail.",""
"Insurance","Cancellation terms","Contact provider; administration fee may apply","Insurance policies with the corresponding administration or payment detail. Use the terms stated for the particular policy.",""
"Insurance","Claims phone","01632 960123","Insurance policies with the corresponding administration or payment detail.",""
"Insurance","Claims page","https://example.com/claim","Insurance policies with the corresponding administration or payment detail.",""
"Insurance","Emergency assistance phone","01632 960124","Insurance policies with the corresponding administration or payment detail. Policies providing emergency assistance.",""
"Insurance","Insured property address","42 Example Street, Exampletown","Buildings cover, including the buildings component of combined home insurance.",""
"Insurance","Buildings sum insured","GBP 500000.00","Buildings cover, including the buildings component of combined home insurance. Rebuild cover amount, including any stated unlimited-cover basis.",""
"Insurance","Buildings cover basis","Unlimited rebuild cover subject to policy terms","Buildings cover, including the buildings component of combined home insurance.",""
"Insurance","Buildings excess","GBP 250.00","Buildings cover, including the buildings component of combined home insurance. Standard buildings claim excess.",""
"Insurance","Subsidence excess","GBP 1000.00","Buildings cover, including the buildings component of combined home insurance. Policies with a separate subsidence excess.",""
"Insurance","Buildings accidental damage","Included","Buildings cover, including the buildings component of combined home insurance.",""
"Insurance","Alternative accommodation limit","GBP 50000.00","Buildings cover, including the buildings component of combined home insurance. Buildings cover providing alternative accommodation.",""
"Insurance","Contents sum insured","GBP 75000.00","Contents cover, including the contents component of combined home insurance.",""
"Insurance","Contents cover basis","New-for-old subject to policy terms","Contents cover, including the contents component of combined home insurance.",""
"Insurance","Contents excess","GBP 150.00","Contents cover, including the contents component of combined home insurance.",""
"Insurance","Contents accidental damage","Included","Contents cover, including the contents component of combined home insurance.",""
"Insurance","Single-item limit","GBP 2000.00","Contents cover, including the contents component of combined home insurance. Contents policies with an unspecified-item cap.",""
"Insurance","Valuables total limit","GBP 15000.00","Contents cover, including the contents component of combined home insurance. Policies with an aggregate valuables cap.",""
"Insurance","Away-from-home cover limit","GBP 3000.00","Contents cover, including the contents component of combined home insurance. Policies covering possessions outside the home.",""
"Insurance","Specified item","Example engagement ring","Contents cover, including the contents component of combined home insurance. Policies scheduling individual possessions; potentially repeatable per item.",""
"Insurance","Specified item insured value","GBP 4500.00","Contents cover, including the contents component of combined home insurance. Belongs to the same scheduled item as its description; potentially repeatable per item.",""
"Insurance","Insured vehicle","EXAMPLE-01","Motor insurance, including the motor component of a multi-cover policy. Vehicle registration or other policy-scheduled identity; potentially repeatable per vehicle.",""
"Insurance","Motor cover level","Comprehensive","Motor insurance, including the motor component of a multi-cover policy.",""
"Insurance","Permitted use","Social, domestic, pleasure and commuting","Motor insurance, including the motor component of a multi-cover policy.",""
"Insurance","Named drivers","Alex Example; Sam Example","Motor insurance, including the motor component of a multi-cover policy.",""
"Insurance","Declared annual mileage","8000 miles","Motor insurance, including the motor component of a multi-cover policy.",""
"Insurance","Compulsory motor excess","GBP 250.00","Motor insurance, including the motor component of a multi-cover policy.",""
"Insurance","Voluntary motor excess","GBP 150.00","Motor insurance, including the motor component of a multi-cover policy.",""
"Insurance","Windscreen excess","GBP 100.00","Motor insurance, including the motor component of a multi-cover policy. Policies with windscreen cover and a separate excess.",""
"Insurance","No-claims discount","5 years","Motor insurance, including the motor component of a multi-cover policy.",""
"Insurance","No-claims protection","Included","Motor insurance, including the motor component of a multi-cover policy.",""
"Insurance","Courtesy vehicle terms","Small car during approved repairs","Motor insurance, including the motor component of a multi-cover policy. Policies providing a replacement vehicle.",""
"Insurance","Travel policy type","Annual multi-trip","Travel insurance, including travel benefits supplied with another product.",""
"Insurance","Travel cover area","Worldwide excluding USA, Canada and Caribbean","Travel insurance, including travel benefits supplied with another product.",""
"Insurance","Maximum trip length","31 days","Travel insurance, including travel benefits supplied with another product. Policies limiting individual trip duration.",""
"Insurance","Cancellation limit","GBP 5000.00 per person","Travel insurance, including travel benefits supplied with another product.",""
"Insurance","Emergency medical limit","GBP 10000000.00 per person","Travel insurance, including travel benefits supplied with another product.",""
"Insurance","Baggage limit","GBP 2000.00 per person","Travel insurance, including travel benefits supplied with another product.",""
"Insurance","Travel excess","GBP 100.00 per person per claim section","Travel insurance, including travel benefits supplied with another product. Retain the policy's excess basis.",""
"Insurance","Winter sports cover","Included","Travel insurance, including travel benefits supplied with another product. Policies with winter-sports terms.",""
"Insurance","Cruise cover","Included","Travel insurance, including travel benefits supplied with another product. Policies with cruise-specific terms.",""
"Insurance","Medical screening reference","SCREEN-00427","Travel insurance, including travel benefits supplied with another product. Policies with a screening decision; sensitive.",""
"Insurance","Insured pet","Milo, cat","Pet insurance with the corresponding cover structure. Potentially repeatable per insured pet.",""
"Insurance","Pet cover type","Lifetime annual limit","Pet insurance with the corresponding cover structure.",""
"Insurance","Vet fees limit","GBP 7000.00","Pet insurance with the corresponding cover structure.",""
"Insurance","Vet fees limit basis","Per pet per policy year","Pet insurance with the corresponding cover structure. Preserve annual, per-condition or other limit basis.",""
"Insurance","Vet fees excess","GBP 120.00 per condition per year","Pet insurance with the corresponding cover structure.",""
"Insurance","Vet fees co-payment","20%","Pet insurance with the corresponding cover structure. Policies requiring a percentage contribution.",""
"Insurance","Condition cover duration","12 months from first treatment","Pet insurance with the corresponding cover structure. Time-limited policies.",""
"Insurance","Medical cover tier","Comprehensive","Private medical and dental insurance with the corresponding benefits.",""
"Insurance","Hospital network","Example hospital list","Private medical and dental insurance with the corresponding benefits. Medical plans restricting providers.",""
"Insurance","Outpatient limit","GBP 1500.00 per year","Private medical and dental insurance with the corresponding benefits. Medical plans with an outpatient cap.",""
"Insurance","Medical excess","GBP 250.00 per policy year","Private medical and dental insurance with the corresponding benefits.",""
"Insurance","Underwriting basis","Full medical underwriting","Private medical and dental insurance with the corresponding benefits.",""
"Insurance","Dental annual limit","GBP 1000.00","Private medical and dental insurance with the corresponding benefits. Plans including dental cover.",""
"Insurance","Waiting period ends","2026-07-01","Private medical and dental insurance with the corresponding benefits. Benefits subject to an initial waiting period.",""
"Insurance","Life assured","Alex Example","Life assurance and critical-illness policies with the corresponding benefit.",""
"Insurance","Life cover amount","GBP 250000.00","Life assurance and critical-illness policies with the corresponding benefit.",""
"Insurance","Life cover basis","Level term","Life assurance and critical-illness policies with the corresponding benefit.",""
"Insurance","Cover term ends","2051-03-31","Life assurance and critical-illness policies with the corresponding benefit. Term policies.",""
"Insurance","Critical illness amount","GBP 50000.00","Life assurance and critical-illness policies with the corresponding benefit. Policies including a critical-illness benefit.",""
"Insurance","Monthly benefit","GBP 2000.00","Income-protection policies.",""
"Insurance","Deferred period","13 weeks","Income-protection policies. Waiting time after incapacity before benefits become payable.",""
"Insurance","Maximum benefit payment period","2 years per claim","Income-protection policies.",""
"Insurance","Incapacity definition","Own occupation","Income-protection policies.",""
"Insurance","Cover ceases","2055-06-30","Income-protection policies.",""
"Insurance","Breakdown cover basis","Personal cover","Breakdown, home-emergency, gadget and liability cover with the corresponding benefit. Breakdown policies covering a person or a named vehicle.",""
"Insurance","Breakdown territory","UK and continental Europe","Breakdown, home-emergency, gadget and liability cover with the corresponding benefit.",""
"Insurance","Home emergency limit","GBP 1000.00 per incident","Breakdown, home-emergency, gadget and liability cover with the corresponding benefit.",""
"Insurance","Gadget insured item","Example laptop, SN-00427","Breakdown, home-emergency, gadget and liability cover with the corresponding benefit. Gadget cover; potentially repeatable per item.",""
"Insurance","Gadget cover limit","GBP 1500.00 per item","Breakdown, home-emergency, gadget and liability cover with the corresponding benefit.",""
"Insurance","Public liability limit","GBP 2000000.00 per claim","Breakdown, home-emergency, gadget and liability cover with the corresponding benefit.",""
"Insurance","Legal expenses limit","GBP 50000.00 per claim","Breakdown, home-emergency, gadget and liability cover with the corresponding benefit.",""
